# データの登録（INSERT文の使い方）
### INSERT文とは
テーブルを作成するのは**CREATE TABLE**文だった。
**CREATE TABLE**文でテーブルを作成した段階では、まだ空っぽの箱ができたに過ぎない。
この箱の中に「データ」を詰めていくことで、はじめてデータベースは有用なものになる。
このデーアを詰めるために使うSQLが、**INSERT**（挿入）である。

まず、「ShohinIns」というテーブルを作成する。
```sql
CREATE TABLE ShohinIns
(shohin_id CHAR(4) NOT NULL,
 shohin_mei VARCHAR(100) NOT NULL,
 shohin_bunrui VARCHAR(32) NOT NULL,
 hanbai_tanka INTEGER DEFAULT 0,
 shiire_tanka INTEGER ,
 torokubi DATE ,
     PRIMARY KEY (shohin_id));
CREATE TABLE
```
確認
```sql
select *
postgres-# from shohinins;
 shohin_id | shohin_mei | shohin_bunrui | hanbai_tanka | shiire_tanka | torokubi 
-----------+------------+---------------+--------------+--------------+----------
(0 rows)
```

### INSERT文の基本構文
**INSERT**文の基本構文は以下のとおり。
```sql
INSERT INTO <テーブル名> (列１, 列２, 列３, ・・・) VALUES (値１, 値２, 値３, ・・・);
```

実際に以下のような行をテーブルに挿入する。
| shohin_id | shohin_mei | shohin_bunrui | hanbai_tanka | shiire_tanka | torokubi |
| ---- | ---- | ---- | ---- | ---- | ---- |
| 0001 | Tシャツ | 衣服 | 1000 | 500 | 2009-09-20 |

```sql
INSERT INTO ShohinIns (shohin_id, shohin_mei, shohin_bunrui, hanbai_tanka, 
shiire_tanka, torokubi) VALUES ('0001', 'Tシャツ', '衣服', 1000, 500, '2009-09-20');
INSERT 0 1
```
確認
```sql
select *
from shohinins;
 shohin_id | shohin_mei | shohin_bunrui | hanbai_tanka | shiire_tanka |  torokubi  
-----------+------------+---------------+--------------+--------------+------------
 0001      | Tシャツ    | 衣服          |         1000 |          500 | 2009-09-20
(1 row)
```
`shohin_id`列や`shohin_mei`列は文字列なので、挿入する値も`'0001'`のようにシングルクォーテーションで囲む必要がある。
これは、`torokubi`のような日付型の列も同じ。
また、列や値を区切って、外側をカッコ（）でくくった形式を**リスト**と呼ぶ。
**INSERT**文でいえば、次の2つがリストである。
#### 列リスト
**(shohin_id, shohin_mei, shohin_bunrui, hanbai_tanka, shiire_tanka, torokubi)**

#### 値リスト
**('0001', 'Tシャツ', '衣服', 1000, 500, '2009-09-20')**

当然のことだが、テーブル名の後の列リストと、**VALUES**句の値リストは、列数が一致している必要がある。
次のように、数が不一致だとエラーになる。
```sql
insert into shohinins (shohin_id, shohin_mei, shohin_bunru, hanbai_tanka, shiire_tanka, torokubi) values ('0001', 'Tシャツ', '衣服', 1000, 500);
ERROR:  column "shohin_bunru" of relation "shohinins" does not exist
LINE 1: insert into shohinins (shohin_id, shohin_mei, shohin_bunru, ...
                                                      ^
```

また、**INSERT**文は、基本的に1回で1行を挿入する。
したがって、複数の行を挿入したい場合は、原則的にその行数だけ**INSERT**文も繰り返し実行する必要がある。

### 複数行INSERT
「**INSERT**文は1回で1行を挿入する」と書いたが、あくまで原則で、多くのDBMSでは、1回で複数行を**INSERT**することも可能である。
このような機能を「**複数行INSERT**」と呼ぶ。
構文は、複数の**VALUES**句のリストをカンマで区切って並列する。
```sql
INSERT INTO ShohinIns VALUES ('0002', '穴あけパンチ', '事務用品', 500, 320, '2009-09-11'),
('0003', 'カッターシャツ', '衣服', 4000, 2800, NULL),
('0004', '包丁', 'キッチン用品', 3000, 2800, '2009-09-20');
INSERT 0 3
```
確認
```sql
select *
from shohinins;
 shohin_id |   shohin_mei   | shohin_bunrui | hanbai_tanka | shiire_tanka |  torokubi  
-----------+----------------+---------------+--------------+--------------+------------
 0001      | Tシャツ        | 衣服          |         1000 |          500 | 2009-09-20
 0002      | 穴あけパンチ   | 事務用品      |          500 |          320 | 2009-09-11
 0003      | カッターシャツ | 衣服          |         4000 |         2800 | 
 0004      | 包丁           | キッチン用品  |         3000 |         2800 | 2009-09-20
(4 rows)
```
ちなみに、通常のSQL文
```sql
INSERT INTO ShohinIns VALUES　('0002', '穴あけパンチ', '事務用品', 500, 320, '2009-09-11');
INSERT INTO ShohinIns VALUES ('0003', 'カッターシャツ', '衣服', 4000, 2800, NULL);
INSERT INTO ShohinIns VALUES ('0004', '包丁', 'キッチン用品', 3000, 2800, '2009-09-20');
```

### 列リストの省略
テーブル名の後の列リストは、テーブルの全列に対して**INSERT**を行う場合、省略することができる。
このとき、**VALUES**句の値が暗黙のうちに、左から順に各列に割り当てられる。
したがって、次の2つの**INSERT**文はともに同じデータを挿入する事になる。
```sql
INSERT INTO ShohinIns 
       VALUES ('0005', '圧力鍋', 'キッチン用品', 6800, 5000, '2009-01-15');
INSERT 0 1
```
確認
```sql
select *                                                                                  
from shohinins;
 shohin_id |   shohin_mei   | shohin_bunrui | hanbai_tanka | shiire_tanka |  torokubi  
-----------+----------------+---------------+--------------+--------------+------------
 0001      | Tシャツ        | 衣服          |         1000 |          500 | 2009-09-20
 0002      | 穴あけパンチ   | 事務用品      |          500 |          320 | 2009-09-11
 0003      | カッターシャツ | 衣服          |         4000 |         2800 | 
 0004      | 包丁           | キッチン用品  |         3000 |         2800 | 2009-09-20
 0005      | 圧力鍋         | キッチン用品  |         6800 |         5000 | 2009-01-15
(5 rows)
```

### NULLを挿入する
**INSERT**文で、ある列に**NULL**を割り当てたい場合は、**VALUES**句の値リストに**NULL**をそのまま挿入する。
たとえば、`shiire_tanka`列に**NULL**を割り当てるには次のようになる。
```sql
INSERT INTO ShohinIns (shohin_id, shohin_mei, shohin_bunrui, hanbai_tanka, shiire_tanka, torokubi) VALUES ('0006', 'フォーク', 'キッチン用品', 500, NULL, '2009-09-20');
```
確認
```sql
select *                                                                                           from shohinins;
 shohin_id |   shohin_mei   | shohin_bunrui | hanbai_tanka | shiire_tanka |  torokubi  
-----------+----------------+---------------+--------------+--------------+------------
 0001      | Tシャツ        | 衣服          |         1000 |          500 | 2009-09-20
 0002      | 穴あけパンチ   | 事務用品      |          500 |          320 | 2009-09-11
 0003      | カッターシャツ | 衣服          |         4000 |         2800 | 
 0004      | 包丁           | キッチン用品  |         3000 |         2800 | 2009-09-20
 0005      | 圧力鍋         | キッチン用品  |         6800 |         5000 | 2009-01-15
 0006      | フォーク       | キッチン用品  |          500 |              | 2009-09-20
(6 rows)
```
ただ、**NULL**を割り当てられる列は、**NOT NULL**制約がついていない列に限られる。
**NOT NULL**制約がついている列に**NULL**を指定した場合、**INSERT**文はエラーとなり、データの挿入に失敗する。

### デフォルト値を挿入する
テーブルの列には、**デフォルト値（初期値）**を設定することができる。
デフォルト値を設定するには、テーブルを定義する**CREATE TABLE**文の中で、列に対して**DEFAULT制約**をつける。
以下は最初に`ShohinIns`テーブルを作成したときの抜粋。
```sql
CREATE TABLE ShohinIns
(shohin_id CHAR(4) NOT NULL,
...
 hanbai_tanka INTEGER DEFAULT 0, -- 販売単価のデフォルト値を0に設定
...
     PRIMARY KEY (shohin_id));
```
このようにテーブルの定義時にデフォルト値が設定されていた場合、自動的にそれを**INSERT**文の列の値として利用することができる。
その利用方法には、「明示的な方法」と「暗黙的な方法」の2種類がある。

#### ①明示的にデフォルト値を挿入する
**VALUES**句に、**DEFAULTキーワード**を指定する。
```sql
INSERT INTO ShohinIns (shohin_id, shohin_mei, shohin_bunrui, hanbai_tanka, shiire_tanka, torokubi) VALUES ('0007', 'おろしがね', 'キッチン用品', DEFAULT, 790, '2009-04-28');
INSERT 0 1
```
確認
```sql
SELECT * FROM ShohinIns WHERE shohin_id = '0007';
 shohin_id | shohin_mei | shohin_bunrui | hanbai_tanka | shiire_tanka |  torokubi  
-----------+------------+---------------+--------------+--------------+------------
 0007      | おろしがね | キッチン用品  |            0 |          790 | 2009-04-28
(1 row)
```
この場合、`hanbai_tanka`列のデフォルト値は`0`なので、`hanbai_tanka`に`0`が割り当てられる。

#### ②暗黙的にデフォルト値を挿入する
デフォルト値の挿入は、**DEFAULT**キーワードを使わなくても行うことができる。
単純に、デフォルト値が設定されている列を、列リストから**VALUES**からも省略してしまえば良い。
`hanbai_tanka`列を**INSERT**文から削除する。
```sql
INSERT INTO ShohinIns (shohin_id, shohin_mei, shohin_bunrui, shiire_tanka, torokubi) VALUES ('0007', 'おろしがね', 'キッチン用品', 790, '2009-04-28');
```
上記のSQLは`hanbai_tanka`とそれに対する値は記述していないが、`hanbai_tanka`には`0`が使われる。

試しに、列名を省略して、一つだけ値も省略して挿入してみる。
```sql
INSERT INTO ShohinIns                                                               
VALUES ('0010', 'おろしがね', 'キッチン用品', 790, '2009-04-28');
ERROR:  invalid input syntax for type integer: "2009-04-28"
LINE 2: ...ALUES ('0010', 'おろしがね', 'キッチン用品', 790, '2009-04-2...
```
列名を書かないと左に詰めて格納しようとするので、`hanbai_tanka`の列に`790`が入り、`shiire_tanka`の列に`2009-04-28`が格納されようとするが、`shiire_tanka`は数値型、日付は文字列なので失敗する。

実際にはどっちの方法を使うのが良いのか、①の「明示的な書き方」をすすめる。
理由として、ぱっと見て`hanbai_tanka`にデフォルト値が利用されることが一目でわかり、意味の捉えやすいSQL文になる。
列名の省略についてもう一つ、デフォルト値が設定されていない列を省略した場合は、**NULL**が割り当てられる。
したがって、**NOT NULL**制約がついている列を省略すると、**INSERT**文はエラーになる。
**NOT NULL制約なし**
```sql
-- shiire_tanka列（制約なし）を省略：「NULL」になる
INSERT INTO ShohinIns (shohin_id, shohin_mei, shohin_bunrui, hanbai_tanka, torokubi) VALUES ('0008', 'ボールペン', '事務用品', 100, '2009-11-11');
INSERT 0 1
```
確認
```sql
SELECT * FROM ShohinIns WHERE shohin_id = '0008';
 shohin_id | shohin_mei | shohin_bunrui | hanbai_tanka | shiire_tanka |  torokubi  
-----------+------------+---------------+--------------+--------------+------------
 0008      | ボールペン | 事務用品      |          100 |              | 2009-11-11
(1 row)
```
**NOT NULL制約あり**
```sql
-- shohin_mei列（NOT NULL制約）を省略：エラー！
INSERT INTO ShohinIns (shohin_id, shohin_bunrui, hanbai_tanka, shiire_tanka, torokubi) VALUES ('0009', '事務用品', 1000, 500, '2009-12-12');
ERROR:  null value in column "shohin_mei" of relation "shohinins" violates not-null constraint
DETAIL:  Failing row contains (0009, null, 事務用品, 1000, 500, 2009-12-12).
```

### ほかのテーブルからデータをコピーする
データを挿入する方法としては、**VALUES**句で具体的なデータを指定する意外に、「ほかのテーブルから選択する」方法もある。
ここでは、あるテーブルのデータを選択し、それを別のテーブルへコピーして登録してみる。
```sql
CREATE TABLE ShohinCopy
(shohin_id CHAR(4) NOT NULL,
 shohin_mei VARCHAR(100) NOT NULL,
 shohin_bunrui VARCHAR(32) NOT NULL,
 hanbai_tanka INTEGER ,
 shiire_tanka INTEGER ,
 torokubi DATE ,
     PRIMARY KEY (shohin_id));
CREATE TABLE
```
この`ShohinCopy`テーブルの定義は、`Shohin`テーブルと全く同じで、テーブル名だけを変えている。
`ShohinCopy`テーブルに`shohin`テーブルのデータを挿入してみる。
```sql
INSERT INTO ShohinCopy (shohin_id, shohin_mei, shohin_bunrui, hanbai_tanka, shiire_tanka, torokubi) 
SELECT shohin_id, shohin_mei, shohin_bunrui, hanbai_tanka, shiire_tanka, torokubi
  FROM Shohin;
INSERT 0 8
```
確認
```sql
SELECT * FROM ShohinCopy;
 shohin_id |   shohin_mei   | shohin_bunrui | hanbai_tanka | shiire_tanka |  torokubi  
-----------+----------------+---------------+--------------+--------------+------------
 0001      | Tシャツ        | 衣服          |         1000 |          500 | 2009-09-20
 0002      | 穴あけパンチ   | 事務用品      |          500 |          320 | 2009-09-11
 0003      | カッターシャツ | 衣服          |         4000 |         2800 | 
 0004      | 包丁           | キッチン用品  |         3000 |         2800 | 2009-09-20
 0005      | 圧力鍋         | キッチン用品  |         6800 |         5000 | 2009-01-15
 0006      | フォーク       | キッチン用品  |          500 |              | 2009-09-20
 0007      | おろしがね     | キッチン用品  |          880 |          790 | 2008-04-28
 0008      | ボールペン     | 事務用品      |          100 |              | 2009-11-11
(8 rows)
```
この**INSERT・・・SELECT**を実行すると、たとえば元の`Sshohin`テーブルに8行のデータが入っていたとすれば、`ShohinCopy`テーブルに全く同じ8行のデータが追加される。
データのバックアップをとるような場合にも使える。

### SELECT文のバリエーション
この**INSERT**文内の**SELECT**文には、**WHERE**句や**GROUP BY**句などを使うこともできる。
テーブル同士でデータをやり取りしたい場合に便利な機能。
たとえば、**GROUP BY**句を使った**SELECT**文を**INSERT**してみる。
```sql
CREATE TABLE ShohinBunrui
(shohin_bunrui VARCHAR(32) NOT NULL,
 sum_hanbai_tanka INTEGER ,
 sum_shiire_tanka INTEGER ,
     PRIMARY KEY (shohin_bunrui));
CREATE TABLE
```
確認
```sql
SELECT * FROM ShohinBunrui;
 shohin_bunrui | sum_hanbai_tanka | sum_shiire_tanka 
---------------+------------------+------------------
(0 rows)
```
商品分類`shohin_bunrui`ごとに販売単価の合計`SUM_hanbai_tanka`と仕入れ単価の合計`sum_shiire_tanka`を保持するためのテーブル。
ここに、`Shohin`テーブルからデータを挿入するなら**INSERT・・・SELECT**が使える。
```sql
INSERT INTO ShohinBunrui (shohin_bunrui, sum_hanbai_tanka, sum_shiire_tanka)
SELECT shohin_bunrui, SUM(hanbai_tanka), SUM(shiire_tanka)
  FROM Shohin
 GROUP BY shohin_bunrui;
INSERT 0 3
```
確認
```sql
SELECT * FROM ShohinBunrui;
 shohin_bunrui | sum_hanbai_tanka | sum_shiire_tanka 
---------------+------------------+------------------
 キッチン用品  |            11180 |             8590
 衣服          |             5000 |             3300
 事務用品      |              600 |              320
(3 rows)
```