# データの更新（UPDATEの使い方）
### UPDATEの構文
テーブルにINSERT文でテータを登録した後、登録済みのデータを変更したいときが出てくる。
たとえば、「商品の販売単価を間違えて登録してしまった」など。
そんなときに、データを削除して再登録するなどという面倒な方法は必要なく、**UPDATE文**によって、テーブルのデータを変更することが可能。
UPDATE文は、INSERT文やDELETE文と同じくDML文に属する。
これを利用することで、テーブルのデータを変更することができる。
基本的な構文は次のとおり。
```sql
UPDATE <テーブル名>
   SET <列名> = <式>;
```
更新対象の列と、更新後の値は、**SET句**に記述する。
ここで再度、`Shohin`テーブルを見てみる。
```sql
select * from shohin;
 shohin_id |  shohin_mei  | shohin_bunrui | hanbai_tanka | shiire_tanka |  torokubi  
-----------+--------------+---------------+--------------+--------------+------------
 0001      | Tシャツ      | 衣服          |         1000 |          500 | 2009-09-20
 0002      | 穴あけパンチ | 事務用品      |          500 |          320 | 2009-09-11
 0004      | 包丁         | キッチン用品  |         3000 |         2800 | 2009-09-20
 0006      | フォーク     | キッチン用品  |          500 |              | 2009-09-20
 0007      | おろしがね   | キッチン用品  |          880 |          790 | 2008-04-28
 0008      | ボールペン   | 事務用品      |          100 |              | 2009-11-11
(6 rows)
```
まず、`torokubi`列を全行、「2009年10月10日」で統一してみる。
```sql
UPDATE Shohin
   SET torokubi = '2009-10-10';
UPDATE 6
```
確認
```sql
SELECT * FROM Shohin ORDER BY shohin_id;
 shohin_id |  shohin_mei  | shohin_bunrui | hanbai_tanka | shiire_tanka |  torokubi  
-----------+--------------+---------------+--------------+--------------+------------
 0001      | Tシャツ      | 衣服          |         1000 |          500 | 2009-10-10
 0002      | 穴あけパンチ | 事務用品      |          500 |          320 | 2009-10-10
 0004      | 包丁         | キッチン用品  |         3000 |         2800 | 2009-10-10
 0006      | フォーク     | キッチン用品  |          500 |              | 2009-10-10
 0007      | おろしがね   | キッチン用品  |          880 |          790 | 2009-10-10
 0008      | ボールペン   | 事務用品      |          100 |              | 2009-10-10
(6 rows)
```
`torokubi`列を見ると、全行「2009-10-10」に変更された。

もし、更新前に登録日がNULLだった場合、このNULLの部分にも「2009-10-10」という値が入る。

### 条件指定したUPDATE文（探索型UPDATE）
次は、全行を更新するのではなく、更新対象の行を制限してみる。
行を制限するには、DELETEするときと同様、WHERE句を使うことができる。
このような対象行を制限するUPDATE文のことを「**探索型UPDATE**」と呼ぶ。
構文は、以下のとおり。
```sql
UPDATE <テーブル名>
   SET <列名> = <式>
 WHERE <条件>;
 ```
たとえば、商品分類が「キッチン用品」の行に限って、販売単価を10倍にしてみる。
```sql
UPDATE Shohin
   SET hanbai_tanka = hanbai_tanka * 10
 WHERE shohin_bunrui = 'キッチン用品';
UPDATE 3
```
確認
```sql
SELECT * FROM Shohin ORDER BY shohin_id;
 shohin_id |  shohin_mei  | shohin_bunrui | hanbai_tanka | shiire_tanka |  torokubi  
-----------+--------------+---------------+--------------+--------------+------------
 0001      | Tシャツ      | 衣服          |         1000 |          500 | 2009-10-10
 0002      | 穴あけパンチ | 事務用品      |          500 |          320 | 2009-10-10
 0004      | 包丁         | キッチン用品  |        30000 |         2800 | 2009-10-10
 0006      | フォーク     | キッチン用品  |         5000 |              | 2009-10-10
 0007      | おろしがね   | キッチン用品  |         8800 |          790 | 2009-10-10
 0008      | ボールペン   | 事務用品      |          100 |              | 2009-10-10
(6 rows)
```
`shouhin_bunrui`が「キッチン用品」の行の`hanbai_tanka`がすべて`10`倍になっている。
**WHERE**句の「`shohin_bunrui` =  `キッチン用品`」と条件で、更新対象の行は3行に制限される。
そして、**SET**句の「`hanbai_tanka`*`10`」という式によって、「元の販売単価の１０倍」を表している。

### NULLで更新するには
**UPDATE**を使うことで、列を**NULL**で更新することもできる。
このような更新を「**NULLクリア**」という。
これは、代入式の右辺にそのまま**NULL**を記述すればOK。
たとえば、`shohin_id`が`0008`のボールペンの`torokubi`を**NULL**にしてみる。
```sql
UPDATE Shohin
   SET torokubi = NULL
 WHERE shohin_id = '0008';
UPDATE 1
```
確認
```sql
SELECT * FROM Shohin ORDER BY shohin_id;
 shohin_id |  shohin_mei  | shohin_bunrui | hanbai_tanka | shiire_tanka |  torokubi  
-----------+--------------+---------------+--------------+--------------+------------
 0001      | Tシャツ      | 衣服          |         1000 |          500 | 2009-10-10
 0002      | 穴あけパンチ | 事務用品      |          500 |          320 | 2009-10-10
 0004      | 包丁         | キッチン用品  |        30000 |         2800 | 2009-10-10
 0006      | フォーク     | キッチン用品  |         5000 |              | 2009-10-10
 0007      | おろしがね   | キッチン用品  |         8800 |          790 | 2009-10-10
 0008      | ボールペン   | 事務用品      |          100 |              | 
(6 rows)
 ```
「ボールペン」の登録日が**NULL**になっている。

NULLクリアが可能なのは、**NOT NULL**制約や主キー制約がない列に限られる。

### 複数列の更新
UPDATE文のSET句には、複数の列を更新対象として記述することが可能。
「キッチン用品」の`hanbai_tanka`を`10倍`にしたが、併せて`shiire_tanka`を`1/2`にしたいとき、どうすれば良いか。
最も単純に考えるなら、以下のように2つのUPDATE文を実行すること。
```sql
UPDATE Shohin
   SET hanbai_tanka = hanbai_tanka * 10
 WHERE shohin_bunrui = 'キッチン用品';

UPDATE Shohin
   SET shiire_tanka = shiire_tanka / 2
 WHERE shohin_bunrui = 'キッチン用品';
 ```
これでも正しく動作するが、二度もUPDATE文を実行するのは無駄だし、SQLの記述量も増える。
上記と同じ処理を1つのUPDATE文でまとめることができる。
次のような2つの方法がある。
##### ①列をカンマで区切りで並べる
```sql
UPDATE Shohin
   SET hanbai_tanka = hanbai_tanka * 10,
       shiire_tanka = shiire_tanka / 2
 WHERE shohin_bunrui = 'キッチン用品';
UPDATE 3
 ```
確認
```sql
SELECT * FROM Shohin ORDER BY shohin_id;
 shohin_id |  shohin_mei  | shohin_bunrui | hanbai_tanka | shiire_tanka |  torokubi  
-----------+--------------+---------------+--------------+--------------+------------
 0001      | Tシャツ      | 衣服          |         1000 |          500 | 2009-10-10
 0002      | 穴あけパンチ | 事務用品      |          500 |          320 | 2009-10-10
 0004      | 包丁         | キッチン用品  |       300000 |         1400 | 2009-10-10
 0006      | フォーク     | キッチン用品  |        50000 |              | 2009-10-10
 0007      | おろしがね   | キッチン用品  |        88000 |          395 | 2009-10-10
 0008      | ボールペン   | 事務用品      |          100 |              | 
(6 rows)
 ```
##### ②列をカッコ（）で囲むことによるリスト表現
```sql
UPDATE Shohin
   SET (hanbai_tanka, shiire_tanka) = (hanbai_tanka * 10, shiire_tanka / 2)
 WHERE shohin_bunrui = 'キッチン用品';
UPDATE 3
 ```
確認
```sql
SELECT * FROM Shohin ORDER BY shohin_id;
 shohin_id |  shohin_mei  | shohin_bunrui | hanbai_tanka | shiire_tanka |  torokubi  
-----------+--------------+---------------+--------------+--------------+------------
 0001      | Tシャツ      | 衣服          |         1000 |          500 | 2009-10-10
 0002      | 穴あけパンチ | 事務用品      |          500 |          320 | 2009-10-10
 0004      | 包丁         | キッチン用品  |      3000000 |          700 | 2009-10-10
 0006      | フォーク     | キッチン用品  |       500000 |              | 2009-10-10
 0007      | おろしがね   | キッチン用品  |       880000 |          197 | 2009-10-10
 0008      | ボールペン   | 事務用品      |          100 |              | 
(6 rows)
```
「キッチン用品」のレコードだけ、販売単価と仕入れ単価の金額が更新されている。

①の方法はどのDBMSでも利用することができるが、②の方法は一部のDBMS（PostgreSQL、DB2）でしか利用することができないので、①の方法を使う方が確実。