# トンランザクション
### トランザクションとは何か
トランザクションとは、「テーブルのデータに対する更新の単位」。
もっと簡単にいうと、「**データベースに対する1つ以上の更新をまとめて呼ぶときの名称**」。
テーブルに対する更新は、INSERT、DELETE、UPDATEの3つを使って行う。
一般的に1回の操作で終わることはなく、複数の操作をまとめて連続的に行うことが多い。
トランザクションとは、このような複数の操作を意味的にわかりやすくひとまとまりにしたもの。

### トランザクションを作るには
 DBMS内でトランザクションを作る構文は以下のとおり。
 ```sql
トランザクション開始文;

    DML文①;
    DML文②;
    DML文③;

トランザクション終了文（COMMIT または ROLLBACK）;
 ```

現状
```sql
select *
from shohin;
 shohin_id |   shohin_mei   | shohin_bunrui | hanbai_tanka | shiire_tanka |  torokubi  
-----------+----------------+---------------+--------------+--------------+------------
 0001      | Tシャツ        | 衣服          |         1000 |          500 | 2009-09-20
 0002      | 穴あけパンチ   | 事務用品      |          500 |          320 | 2009-09-11
 0003      | カッターシャツ | 衣服          |         4000 |         2800 | 
 0004      | 包丁           | キッチン用品  |         3000 |         2800 | 2009-09-20
 0005      | 圧力鍋         | キッチン用品  |         6800 |         5000 | 2009-01-15
 0006      | フォーク       | キッチン用品  |          500 |              | 2009-09-20
 0007      | おろしがね     | キッチン用品  |          880 |          790 | 2008-04-28
 0008      | ボールペン     | 事務用品      |          100 |              | 2009-11-11
(8 rows)
```
データを更新してみる。
```sql
BEGIN TRANSACTION;

    UPDATE Shohin
       SET hanbai_tanka = hanbai_tanka - 1000
     WHERE shohin_mei = 'カッターシャツ';

    UPDATE Shohin
       SET hanbai_tanka = hanbai_tanka + 1000
     WHERE shohin_mei = 'Tシャツ';

COMMIT;
BEGIN
UPDATE 1
UPDATE 1
COMMIT
```
確認
```sql
select *
from shohin
postgres-# order by shohin_id;
 shohin_id |   shohin_mei   | shohin_bunrui | hanbai_tanka | shiire_tanka |  torokubi  
-----------+----------------+---------------+--------------+--------------+------------
 0001      | Tシャツ        | 衣服          |         2000 |          500 | 2009-09-20
 0002      | 穴あけパンチ   | 事務用品      |          500 |          320 | 2009-09-11
 0003      | カッターシャツ | 衣服          |         3000 |         2800 | 
 0004      | 包丁           | キッチン用品  |         3000 |         2800 | 2009-09-20
 0005      | 圧力鍋         | キッチン用品  |         6800 |         5000 | 2009-01-15
 0006      | フォーク       | キッチン用品  |          500 |              | 2009-09-20
 0007      | おろしがね     | キッチン用品  |          880 |          790 | 2008-04-28
 0008      | ボールペン     | 事務用品      |          100 |              | 2009-11-11
(8 rows)
```
「Tシャツ」の販売単価が1000円上がって、「カッターシャツ」の販売単価が1000円下がっていることが確認できる。

使うDBMSによって「トランザクション開始文」はバラバラ。
これは妙な仕組みな気もするが、トランザクションが暗黙的に開始されることは、標準SQL規格で決められている。

一方、トランザクションの終わりは、明示的にする必要がある。
トランザクションを終わらせるコマンドは2つある。
- **COMMIT ---処理の確定**
COMMITは、トランザクションに含まれていた処理に夜変更をすべて反映して、トランザクションを終了させるコマンド。
一度コミットすると、トランザクション開始前の状態に戻すことはできない、コミットする前は確認が必要。

- **ROLLBACK ---処理の取り消し**
ROLLBACKはトランザクションに含まれていた処理による変更をすべて破棄して、トランザクションを終了させるコマンド。
実際に試してみる。
```sql
BEGIN TRANSACTION;

    --カッターシャツの販売単価を1000円値引き
    UPDATE Shohin
       SET hanbai_tanka = hanbai_tanka - 1000
     WHERE shohin_mei = 'カッターシャツ';

    --Tシャツの販売単価を1000円値上げ
    UPDATE Shohin
       SET hanbai_tanka = hanbai_tanka + 1000
     WHERE shohin_mei = 'Tシャツ';

ROLLBACK;
BEGIN
UPDATE 1
UPDATE 1
ROLLBACK
```
確認
```sql
select *
from shohin
order by shohin_id;
 shohin_id |   shohin_mei   | shohin_bunrui | hanbai_tanka | shiire_tanka |  torokubi  
-----------+----------------+---------------+--------------+--------------+------------
 0001      | Tシャツ        | 衣服          |         2000 |          500 | 2009-09-20
 0002      | 穴あけパンチ   | 事務用品      |          500 |          320 | 2009-09-11
 0003      | カッターシャツ | 衣服          |         3000 |         2800 | 
 0004      | 包丁           | キッチン用品  |         3000 |         2800 | 2009-09-20
 0005      | 圧力鍋         | キッチン用品  |         6800 |         5000 | 2009-01-15
 0006      | フォーク       | キッチン用品  |          500 |              | 2009-09-20
 0007      | おろしがね     | キッチン用品  |          880 |          790 | 2008-04-28
 0008      | ボールペン     | 事務用品      |          100 |              | 2009-11-11
(8 rows)
```
「カッターシャツ」と「Tシャツ」の販売単価を変更するDML文を書いたが、**ROLLBACK**しているので、変更は反映されていない。

### トランザクションはいつはじまるのか
トランザクションを開始する標準的なコマンドは存在せず、DBMSによってバラバラである。
実際、ほとんどのDBMS製品では、トランザクションの開始コマンドさえ不要であったりする。
たいていの場合、データベースに接続した時点で暗黙にトランザクションが開始されるため、ユーザが自分で明示的にトランザクションを開始する必要がない。
**Oracle**の場合、データベース接続後、最初にSQLが実行された時点でトランザクションが暗黙的に開始される。
このように、暗黙的にトランザクションが開始された場合、トランザクションの区切りはどうなるのか。
これには2つのパターンがある。
**A. 「1つのSQL文で１つのトランザクション」というルールが適用される（自動コミットモード）**
**B. ユーザがCOMMITまたはROLLBACKを実行するまでが１つのトランザクションとみなす**

**A**だと以下のようなイメージ
```sql
BEGIN TRANSACTION;

    --カッターシャツの販売単価を1000円値引き
    UPDATE Shohin
       SET hanbai_tanka = hanbai_tanka - 1000
     WHERE shohin_mei = 'カッターシャツ';

ROLLBACK;

BEGIN TRANSACTION;

    --Tシャツの販売単価を1000円値上げ
    UPDATE Shohin
       SET hanbai_tanka = hanbai_tanka + 1000
     WHERE shohin_mei = 'Tシャツ';

ROLLBACK;
```
1文ずつがトランザクションの開始文と終了文で囲まれているイメージ。

自動コミットではないDBMSは、間違って**DELETE**で削除してしまっても**ROLLBACK**で復元できるが、自動コミットのDBMSは復元することができない。

### ACID特定
DBMSのトランザクションには、守るべき4つの約束事が標準規格によって定められている。
頭文字をとって「**ACID特性**」という。

#### 原子性（Atomincity）
トランザクションが終わったとき、そこに含まれたいた更新処理は、すべて実行されるか、またはすべて実行されない状態で終わることを保証する性質のこと。

#### 一貫性（Consistency）
トランザクションに含まれる処理は、データベースにあらかじめ設定された制約（主キーやNOT NULL制約）を満たすという性質。

#### 独立性（Isolation）
トランザクション同士が互いに干渉を受けないことを保証する性質。

#### 永続性（Durability）
トランザクションが終了したら、その時点でのデータの状態が保存されることを保証する性質。これは耐久性ともいえる。
この永続性を保証する方法は、実装によってことなるが、ポピュラーなものとしては、トランザクションの実行記録をディスクなどに保存しておき（「**ログ**」）、このログを使って復旧させる。


### 練習問題
4.1 COMMITしてないから何も取得しない。
4.2 主キーが設定されていて、主キーは重複してはいけないのでエラーとなり、失敗する。
4.3 
テーブル作成
```sql
CREATE TABLE ShohinSaeki
(shohin_id    CHAR(4)       NOT NULL,
 shohin_mei   VARCHAR(100)  NOT NULL,
 hanbai_tanka INTEGER,
 shiire_tanka INTEGER,
 saeki        INTEGER,
 PRIMARY KEY(shohin_id));
CREATE TABLE
```
データ投入
```sql
postgres=# insert into shohinsaeki (shohin_id, shohin_mei, hanbai_tanka, shiire_tanka, saeki)
postgres-# select shohin_id, shohin_mei, hanbai_tanka, shiire_tanka, hanbai_tanka - shiire_tanka
postgres-# from shohin;
INSERT 0 8
```
確認
```sql
select *
from shohinsaeki;
 shohin_id |   shohin_mei   | hanbai_tanka | shiire_tanka | saeki 
-----------+----------------+--------------+--------------+-------
 0002      | 穴あけパンチ   |          500 |          320 |   180
 0004      | 包丁           |         3000 |         2800 |   200
 0005      | 圧力鍋         |         6800 |         5000 |  1800
 0006      | フォーク       |          500 |              |      
 0007      | おろしがね     |          880 |          790 |    90
 0008      | ボールペン     |          100 |              |      
 0003      | カッターシャツ |         3000 |         2800 |   200
 0001      | Tシャツ        |         2000 |          500 |  1500
(8 rows)
```

4.4
```sql
postgres=# begin transaction;
BEGIN
postgres=*# update shohinsaeki
set hanbai_tanka = hanbai_tanka - 1000
where shohin_mei = 'カッターシャツ';
UPDATE 1
postgres=*# update shohinsaeki
set saeki = hanbai_tanka - shiire_tanka
where shohin_mei = 'カッターシャツ';
UPDATE 1
postgres=*# commit;
COMMIT
```
