# ビュー
一言で言うと、「**SQLの観点から見るとテーブルと同じもの**」。
テーブルかビューなのかを意識することはほぼない。
テーブルとビューの違いは、「**実際のデータを保存しているかどうか**」。
通常、テーブルを作り、INSERT文でデータを格納すると、データベースにデータを保存できる。
このデータベースのデータが実際に保存されるのは**記憶装置**である。
SELECT文でデータを検索しようとするときは、この記憶装置からデータを引っ張り出して、いろんな計算を行い、ユーザに結果を返す。

一方、ビューの場合、**データを保存しない**。
ビューが保存しているのは、「**SELECT**文」そのものである。
ビューからデータを取り出そうとするときに、ビューは内部的にそのSELECT文を実行し、一時的に仮想のテーブルを作る。

#### ビューのメリット
**1. データを保存しないため記憶装置の要領を節約できる**
たとえば、4-1節で商品分類ごとに集約したテーブルを作ったが、このデータも記憶装置に保存されるため、記憶装置のデータ領域を消費する。
しかし、これと同じビューとして保存するならば以下のようなSELECT文を保存するだけで、記憶装置のデータ要領を節約できる。
```sql
SELECT shohin_bunrui, SUM(hanbai_tanka), SUM(shiire_tanka)
  FROM Shohin
 GROUP BY shohin_bunrui;
 ```

**2. ビューを毎回書かなくても保存しておくことで使いまわせる**
一度ビューを作っておけば、後からそれを呼び出すだけで、簡単にSELECT文の結果を得ることができる。
集計や条件が複雑で本体のSELECT文が大きくなればなるほど、ビューによる効率化の恩恵は大きくなる。
しかし、ビューが含むデータは、元のテーブルと連携して自動的に最新の状態に更新される。
ビューは「SELECT文」なので、「ビューを参照する」とは「そのSELECT文を実行する」ということ。
つまり、最新状態のデータを選択できる。
これは、データをテーブルとして保存した場合にはない利点。

### ビューの作り方
ビューを作成するには**CREATE VIEW文**を使う。
```sql
CREATE VIEW ビュー名 (<ビューの列名1>, <ビューの列名2>, ・・・)
AS
<SELECT文>
 ```
**AS**キーワードの後には**SELECT**文を記述する。
SELECT文の列とビューの列は並び順で一致し、ビューの列名は、ビュー名の後ろのリストで定義する。
ビューを作ってみる。
```sql
CREATE VIEW ShohinSum (shohin_bunrui, cnt_shohin)
AS
SELECT shohin_bunrui, COUNT(*)
  FROM Shohin
 GROUP BY shohin_bunrui;
CREATE VIEW
```
これで`ShohinSum`という名前のビューが1つ、データベース内に作られた。
- ビューの使い方
ビューはテーブルと同じく、SELECT文のFROM句に書くことができる。
```sql
SELECT shohin_bunrui, cnt_shohin
  FROM ShohinSum;
 shohin_bunrui | cnt_shohin 
---------------+------------
 事務用品      |          2
 衣服          |          2
 キッチン用品  |          4
(3 rows)
```

#### ちょっと思った
`*`使った方が楽じゃない？
```sql
SELECT *                        
  FROM ShohinSum;
 shohin_bunrui | cnt_shohin 
---------------+------------
 事務用品      |          2
 衣服          |          2
 キッチン用品  |          4
(3 rows)
```

#### ビューに対する検索
ビューをFROM句に指定したときの検索は、
**1. 最初に、ビューに定義されたSELECT文が実行される。**
**2. その結果に対して、ビューをFROM句に指定したSELECT文が実行される。**
という、２段階を踏む。
つまり、常に2つ以上のSELECT文が実行される。
「2つ以上」というのは、ビューを元にさらにビューを作るという「**多段ビュー**」が可能であること。
以下のようにして作成する。
```sql
CREATE VIEW ShohinSumJim (shohin_bunrui, cnt_shohin)
AS
SELECT shohin_bunrui, cnt_shohin
  FROM ShohinSum
 WHERE shohin_bunrui = '事務用品';
CREATE VIEW
```
確認
```sql
SELECT shohin_bunrui, cnt_shohin
  FROM ShohinSumJim;
 shohin_bunrui | cnt_shohin 
---------------+------------
 事務用品      |          2
(1 row)
```
上記のようにビューを重ねることができるが、**パフォーマンスの低下**を招くのでやらない方が良い。

### ビューの制限事項① ---ビュー定義でORDER BY句は使えない
基本的にビューにはどんなSELECT文でも書くことができるが、**ORDER BY**だけ書くことができない。
以下はエラーとなる。（PostgreSQLは動いてしまう...）
```sql
CREATE VIEW ShohinSum (shohin_bunrui, cnt_shohin)
AS
SELECT shohin_bunrui, COUNT(*)
  FROM Shohin
 GROUP BY shohin_bunrui
 ORDER BY shohin_bunrui;
```

### ビューの制限事項② ---ビューに対する更新
SELECT文の中では、ビューをテーブルと全く同様に扱うことができるが、**INSERT**、**DELETE**、**UPDATE**はどうか。
かなり制限はあるが、更新することは可能である。
代表的な制限は以下の通り。
**①SELECT文にDISTINCTが含まれていない**
**②FROM句に含まれるテーブルが1つである**
**③GROUP BY句を使用していない**
**④HAVING句を使用していない**

②について、FROM句には複数のテーブルを並べて書くことができる（テーブルの結合）が、複数のときは更新できない。

②意外に関して、平たく言うと、今回作った`ShohinSum`のように、ビューが元のテーブルを集約した結果を保持している場合、ビューでの変更を元のテーブルにどう反映すれば良いのか判断できない。

たとえば、`ShohinSum`ビューに次のようなINSERT文を実行するとエラーになる。
```sql
insert into shohinsum values ('電化製品', 5);
ERROR:  cannot insert into view "shohinsum"
DETAIL:  Views containing GROUP BY are not automatically updatable.
HINT:  To enable inserting into the view, provide an INSTEAD OF INSERT trigger or an unconditional ON INSERT DO INSTEAD rule.
```
`ShohinSum`ビューはGROUP BY句を使って元のデータを集約しているからエラーになる。
ビューは、あくまでテーブルから派生して作られているので、元となるテーブルが変更されれば、ビューのデータ内容もされる。
逆もりかりで、ビューが変更されれば、テーブルもそれに合わせて変更されないと、両者の整合性が取れない。
さっきのINSERT文を実行する場合、
```sql
insert into shohinsum values ('電化製品', 5);
```
商品分類でグループ化してるので、商品分類が`電化製品`の商品を5つ追加することは分かるが、それらの商品の商品ID、商品名、販売単価等がわからないので、データベースにデータを追加することができない。

#### ビューを更新できるケース
以下のような集約なしの場合は更新が可能。
```sql
CREATE VIEW ShohinJim (shohin_id, shohin_mei, shohin_bunrui, hanbai_tanka, shiire_tanka, torokubi)
AS 
SELECT *
  FROM Shohin
 WHERE shohin_bunrui = '事務用品';
CREATE VIEW
```
確認
```sql
select *                                            
from shohinjim;
 shohin_id |  shohin_mei  | shohin_bunrui | hanbai_tanka | shiire_tanka |  torokubi  
-----------+--------------+---------------+--------------+--------------+------------
 0002      | 穴あけパンチ | 事務用品      |          500 |          320 | 2009-09-11
 0008      | ボールペン   | 事務用品      |          100 |              | 2009-11-11
(2 rows)
```
このこの事務用品の商品だけを抜き出して`ShohinJim`ビューに対して、以下のようなINSERT文を実行することはできる。
```sql
INSERT INTO ShohinJim VALUES ('0009', '印鑑', '事務用品', 95, 10, '2009-11-30');
INSERT 0 1
```
確認
```sql
select *                                                                        
from shohinjim;
 shohin_id |  shohin_mei  | shohin_bunrui | hanbai_tanka | shiire_tanka |  torokubi  
-----------+--------------+---------------+--------------+--------------+------------
 0002      | 穴あけパンチ | 事務用品      |          500 |          320 | 2009-09-11
 0008      | ボールペン   | 事務用品      |          100 |              | 2009-11-11
 0009      | 印鑑         | 事務用品      |           95 |           10 | 2009-11-30
(3 rows)
```
`Shohin`テーブル
```sql
select *
from shohin;
 shohin_id |   shohin_mei   | shohin_bunrui | hanbai_tanka | shiire_tanka |  torokubi  
-----------+----------------+---------------+--------------+--------------+------------
 0001      | Tシャツ        | 衣服          |         1000 |          500 | 2009-09-20
 0002      | 穴あけパンチ   | 事務用品      |          500 |          320 | 2009-09-11
 0003      | カッターシャツ | 衣服          |         4000 |         2800 | 
 0004      | 包丁           | キッチン用品  |         3000 |         2800 | 2009-09-20
 0005      | 圧力鍋         | キッチン用品  |         6800 |         5000 | 2009-01-15
 0006      | フォーク       | キッチン用品  |          500 |              | 2009-09-20
 0007      | おろしがね     | キッチン用品  |          880 |          790 | 2008-04-28
 0008      | ボールペン     | 事務用品      |          100 |              | 2009-11-11
 0009      | 印鑑           | 事務用品      |           95 |           10 | 2009-11-30
(9 rows)
```
ビューにも追加され、`Shohin`テーブルにも追加されている。

##### 試しに
キッチン用品の用品を追加してみる。
```sql
INSERT INTO ShohinJim VALUES ('0010', 'エプロン', 'キッチン用品', 95, 10, '2009-11-30');
INSERT 0 1
```
確認
```sql
select *                                                                                
from shohinjim;
 shohin_id |  shohin_mei  | shohin_bunrui | hanbai_tanka | shiire_tanka |  torokubi  
-----------+--------------+---------------+--------------+--------------+------------
 0002      | 穴あけパンチ | 事務用品      |          500 |          320 | 2009-09-11
 0008      | ボールペン   | 事務用品      |          100 |              | 2009-11-11
 0009      | 印鑑         | 事務用品      |           95 |           10 | 2009-11-30
(3 rows)
```
`Shohin`テーブル
```sql
select *                                                                                
from shohin;
 shohin_id |   shohin_mei   | shohin_bunrui | hanbai_tanka | shiire_tanka |  torokubi  
-----------+----------------+---------------+--------------+--------------+------------
 0001      | Tシャツ        | 衣服          |         1000 |          500 | 2009-09-20
 0002      | 穴あけパンチ   | 事務用品      |          500 |          320 | 2009-09-11
 0003      | カッターシャツ | 衣服          |         4000 |         2800 | 
 0004      | 包丁           | キッチン用品  |         3000 |         2800 | 2009-09-20
 0005      | 圧力鍋         | キッチン用品  |         6800 |         5000 | 2009-01-15
 0006      | フォーク       | キッチン用品  |          500 |              | 2009-09-20
 0007      | おろしがね     | キッチン用品  |          880 |          790 | 2008-04-28
 0008      | ボールペン     | 事務用品      |          100 |              | 2009-11-11
 0009      | 印鑑           | 事務用品      |           95 |           10 | 2009-11-30
 0010      | エプロン       | キッチン用品  |           95 |           10 | 2009-11-30
(10 rows)
```
`ShohinJim`には追加されないが、`Shohin`テーブルに追加されている。

### ビューを削除する
ビューを削除するには、**DROP VIEW**を使う。
```sql
DROP VIEW ビュー名;
```
たとえば、`ShohinSum`ビューを削除するなら
```sql
DROP VIEW ShohinSum;
```
