# 相関サブクエリ
### 普通のサブクエリと相関サブクエリの違い
今回は、「商品分類ごとに平均販売単価より高い商品」を、商品グループから選び出してみる。
今の`Shohn`テーブルは以下の通り。
```sql
select * from shohin;
 shohin_id |   shohin_mei   | shohin_bunrui | hanbai_tanka | shiire_tanka |  torokubi  
-----------+----------------+---------------+--------------+--------------+------------
 0001      | Tシャツ        | 衣服          |         1000 |          500 | 2009-09-20
 0002      | 穴あけパンチ   | 事務用品      |          500 |          320 | 2009-09-11
 0003      | カッターシャツ | 衣服          |         4000 |         2800 | 
 0004      | 包丁           | キッチン用品  |         3000 |         2800 | 2009-09-20
 0005      | 圧力鍋         | キッチン用品  |         6800 |         5000 | 2009-01-15
 0006      | フォーク       | キッチン用品  |          500 |              | 2009-09-20
 0007      | おろしがね     | キッチン用品  |          880 |          790 | 2008-04-28
 0008      | ボールペン     | 事務用品      |          100 |              | 2009-11-11
(8 rows)
```
これらを商品分類でグループ化する。
「キッチン用品」：2795円
→ グループ内の平均より高い商品は、包丁と圧力鍋となる。
「衣服」：2500円
→ グループ内の平均より高い商品は、カッターシャツとなる。
「事務用品」：300円
→ グループ内の平均より高い商品は、穴あけパンチとなる。

今回は、商品全体ではなくグループごとに「小分け」にして、そのグループ内の平均単価と各商品の販売単価をしたい。
商品分類ごとに平均単価を求める。
```sql
SELECT AVG(hanbai_tanka)
  FROM Shohin
 GROUP BY shohin_bunrui;
          avg          
-----------------------
 2795.0000000000000000
 2500.0000000000000000
  300.0000000000000000
(3 rows)
```
スカラ・サブクエリのやり方にならって、このSELECT文をそのままサブクエリとしてWHERE句に書いてしまうとエラーになる。
```sql
SELECT shohin_id, shohin_mei, hanbai_tanka
  FROM Shohin
 WHERE hanbai_tanka > (SELECT AVG(hanbai_tanka)
                         FROM Shohin
                        GROUP BY shohin_bunrui);
ERROR:  more than one row returned by a subquery used as an expression
```
エラーの原因は、サブクエリが3行を返してしまい、スカラ・サブクエリにならないから。
スカラ・サブクエリは1行で返す必要がある。

商品分類というグループ単位で販売単価と平均単価を比較するにはどうすれば良いのか。

**相関サブクエリを使った解決方法**
上記の問題を解決する方法として、**相関サブクエリ**がある。
以下のように書く。
```sql
SELECT shohin_bunrui, shohin_mei, hanbai_tanka
  FROM Shohin AS S1
 WHERE hanbai_tanka > (SELECT AVG(hanbai_tanka)
                         FROM Shohin AS S2
                        WHERE S1.shohin_bunrui = S2.shohin_bunrui
                        GROUP BY shohin_bunrui);
 shohin_bunrui |   shohin_mei   | hanbai_tanka 
---------------+----------------+--------------
 事務用品      | 穴あけパンチ   |          500
 衣服          | カッターシャツ |         4000
 キッチン用品  | 包丁           |         3000
 キッチン用品  | 圧力鍋         |         6800
(4 rows)
```
これによって、事務用品、衣服、キッチン用品の3つの分類について、各グループの平均販売単価より高く売られている商品が選択できた。
ポイントは、**サブクエリないに追加したWHERE句の条件**。
この意味を日本語で表すなら、「各商品の販売単価と平均単価の比較を、**同じ商品分類の中で**行う」。
**S1**、**S2**というテーブル別名は、今回、比較対象となるテーブルが同じ`Shohin`テーブルだったので、区別するために必要だった。
相関サブクエリの場合、こういったテーブルの別名の前に`「<テーブル名>.<列名>」`の形式で記述する必要がある。
このように、相関サブクエリはテーブル全体ではなく、テーブルの一部のレコード集合に限定した比較したい場合に使う。
相関サブクエリを使うとき、「縛る」、「制限する」という。
今回の例だと、「商品分類で縛って」平均単価との比較をしている。

**GROUP BY**はなくても正しい結果が得られる。
エラーになる場合と対比を行うために記述している。
```sql
SELECT shohin_bunrui, shohin_mei, hanbai_tanka
  FROM Shohin AS S1
 WHERE hanbai_tanka > (SELECT AVG(hanbai_tanka)
                         FROM Shohin AS S2
                        WHERE S1.shohin_bunrui = S2.shohin_bunrui);
 shohin_bunrui |   shohin_mei   | hanbai_tanka 
---------------+----------------+--------------
 事務用品      | 穴あけパンチ   |          500
 衣服          | カッターシャツ |         4000
 キッチン用品  | 包丁           |         3000
 キッチン用品  | 圧力鍋         |         6800
(4 rows)
```

### 相関サブクエリも、結局は集合のカットをしている
見方を変えると、相関サブクエリも**GROUP BY**句と。同じく集合の「カット」機能を持っている。
相関サブクエリの場合。それぞれの商品分類の中で平均販売単価が計算され、それが商品テーブルの各レコードと比較されるので、相関サブクエリは、レコードに対して実質的に1行しか返していないとみなされる。

動作イメージは以下のようになる。
```sql
SELECT 衣服, Tシャツ, 1000 FROM Shohin WHERE 1000 > 2500;
SELECT 衣服, カッターシャツ, 4000 FROM Shohin WHERE 4000 > 2500;      ← ヒット!
-------------------------------------------------------------
SELECT キッチン用品, 包丁, 4000 FROM Shohin WHERE 4000 > 2795;        ← ヒット!
SELECT キッチン用品, 圧力鍋,  6800 FROM Shohin WHERE 4000 > 2795;     ← ヒット!
SELECT キッチン用品, フォーク, 500 FROM Shohin WHERE 500 > 2795;
SELECT キッチン用品, おろしがね, 880 FROM Shohin WHERE 880 > 2795;
-------------------------------------------------------------
SELECT 事務用品, ボールペン, 100 FROM Shohin WHERE 100 > 300;
SELECT 事務用品, 穴あけパンチ, 500 FROM Shohin WHERE 500 > 300;       ← ヒット!
```
商品分類が変わると、比較する平均単価も変わる。
このようにして、各商品の販売単価と平均単価が比較される。

### 結合条件は必ずサブクエリの中に書く
相関サブクエリのよくある間違いとして、「縛る」ための結合条件をサブクエリの内側ではなく外側に書いてしまうもの。
例
```sql
SELECT shohin_bunrui, shohin_mei, hanbai_tanka
  FROM Shohin AS S1
  WHERE S1.shohin_bunrui = S2.shohin_bunrui
 AND hanbai_tanka > (SELECT AVG(hanbai_tanka)
                         FROM Shohin AS S2
                        GROUP BY shohin_bunrui);
ERROR:  missing FROM-clause entry for table "s2"
LINE 3:   WHERE S1.shohin_bunrui = S2.shohin_bunrui
                                   ^
```
エラーになる辺院は、**相関名**の**スコープ**である。
サブクエリ内部でつけられた相関名は、そのサブクエリ内でしか使用できない。
内側のサブクエリから外側へ向かって実行され、実行された後には実行結果だけが残って、抽出元となったテーブル**S2**は消えてしまい、「そんなテーブルはない」というエラーになる。

### 練習問題
5.1
```sql
CREATE VIEW ViewRenshu5_1 AS
SELECT shohin_mei, hanbai_tanka, torokubi
  FROM Shohin
 WHERE hanbai_tanka >= 1000
   AND torokubi = '2009-09-20';
CREATE VIEW
```
確認
```sql
SELECT * FROM ViewRenshu5_1;
 shohin_mei | hanbai_tanka |  torokubi  
------------+--------------+------------
 Tシャツ    |         1000 | 2009-09-20
 包丁       |         3000 | 2009-09-20
(2 rows)
```

5.2
以下を実行したとき、成功するか
```sql
INSERT INTO ViewRenshu5_1 VALUES ('ナイフ', 300, '2009-11-02');
```
`shohin_id`はNOT NULL制約が付与されているため、失敗する。

5.3
```sql
SELECT shohin_id,
       shohin_mei,
       shohin_bunrui,
       hanbai_tanka,
       (SELECT AVG(hanbai_tanka) FROM Shohin) AS hanbai_tanka_all
  FROM Shohin;
 shohin_id |   shohin_mei   | shohin_bunrui | hanbai_tanka |   hanbai_tanka_all    
-----------+----------------+---------------+--------------+-----------------------
 0001      | Tシャツ        | 衣服          |         1000 | 2097.5000000000000000
 0002      | 穴あけパンチ   | 事務用品      |          500 | 2097.5000000000000000
 0003      | カッターシャツ | 衣服          |         4000 | 2097.5000000000000000
 0004      | 包丁           | キッチン用品  |         3000 | 2097.5000000000000000
 0005      | 圧力鍋         | キッチン用品  |         6800 | 2097.5000000000000000
 0006      | フォーク       | キッチン用品  |          500 | 2097.5000000000000000
 0007      | おろしがね     | キッチン用品  |          880 | 2097.5000000000000000
 0008      | ボールペン     | 事務用品      |          100 | 2097.5000000000000000
(8 rows)
```

5.4
```sql
CREATE VIEW AvgTankaByBunrui AS
SELECT shohin_id,
       shohin_mei,
       shohin_bunrui,
       hanbai_tanka,
       (SELECT AVG(hanbai_tanka)
          FROM Shohin S2
         WHERE S1.shohin_bunrui = S2.shohin_bunrui
         GROUP BY S1.shohin_bunrui) AS avg_hanbai_tanka
 FROM Shohin S1;
CREATE VIEW
```
確認
```sql
SELECT * FROM AvgTankaByBunrui;
 shohin_id |   shohin_mei   | shohin_bunrui | hanbai_tanka |   avg_hanbai_tanka    
-----------+----------------+---------------+--------------+-----------------------
 0001      | Tシャツ        | 衣服          |         1000 | 2500.0000000000000000
 0002      | 穴あけパンチ   | 事務用品      |          500 |  300.0000000000000000
 0003      | カッターシャツ | 衣服          |         4000 | 2500.0000000000000000
 0004      | 包丁           | キッチン用品  |         3000 | 2795.0000000000000000
 0005      | 圧力鍋         | キッチン用品  |         6800 | 2795.0000000000000000
 0006      | フォーク       | キッチン用品  |          500 | 2795.0000000000000000
 0007      | おろしがね     | キッチン用品  |          880 | 2795.0000000000000000
 0008      | ボールペン     | 事務用品      |          100 |  300.0000000000000000
(8 rows)
```
