# 算術演算子と比較演算子
### 算術演算子
SQL文の中には計算式を書くことができる。
各商品の価格を２倍を出力する場合
```sql
SELECT shohin_mei, hanbai_tanka,
       hanbai_tanka * 2 AS "hanbai_tanka_x2"
  FROM Shohin;
   shohin_mei   | hanbai_tanka | hanbai_tanka_x2 
----------------+--------------+-----------------
 Tシャツ        |         1000 |            2000
 穴あけパンチ   |          500 |            1000
 カッターシャツ |         4000 |            8000
 包丁           |         3000 |            6000
 圧力鍋         |         6800 |           13600
 フォーク       |          500 |            1000
 おろしがね     |          880 |            1760
 ボールペン     |          100 |             200
(8 rows)
```
`shohin_mei`と`hanbai_tanka`は普通に出力し、`hanbai_tanka`を２倍したものを**hanbai_tanka_x2**として出力する。
`+`、`-`、`*`、`/`は**算術演算子**という。

`AS`で計算結果の列名を指定したないと`?column?`になる。
計算はできる。
```sql
SELECT shohin_mei, hanbai_tanka,
       hanbai_tanka * 2                     
  FROM Shohin;
   shohin_mei   | hanbai_tanka | ?column? 
----------------+--------------+----------
 Tシャツ        |         1000 |     2000
 穴あけパンチ   |          500 |     1000
 カッターシャツ |         4000 |     8000
 包丁           |         3000 |     6000
 圧力鍋         |         6800 |    13600
 フォーク       |          500 |     1000
 おろしがね     |          880 |     1760
 ボールペン     |          100 |      200
(8 rows)
```

### NULLには要注意
以下のような**NULL**を含む計算はすべて**NULL**となる
- 5 + NULL
- 10 - NULL
- 1 * NULL
- 4 / NULL
- NULL / 9
- NULL / 0

### FROM句は本当に必要?
**SELECT**文は**SELECT**句と**FROM**句からなるが、**FROM**句は必須ではない
```sql
SELECT (100 + 200) * 3 AS keisan;
 keisan 
--------
    900
(1 row)
```
`FROM`句なしで使うことはほぼないが、まれにある。
例えば、中身は問わず１行だけダミーデータが欲しい時など。

### 比較演算子
`=`を使って`hanbai_tanka`が**500**円という**数値**の行を選択する。
```sql
SELECT shohin_mei, shohin_bunrui
  FROM Shohin
 WHERE hanbai_tanka = 500;
  shohin_mei  | shohin_bunrui 
--------------+---------------
 穴あけパンチ | 事務用品
 フォーク     | キッチン用品
(2 rows)
```
`=`のような両辺の列や値を比較する記号のことを**比較演算子**という
比較演算子に以下のようなものがある
| 演算子 | 意味 |
| ---- | ----|
| = | 〜と等しい |
| <> | 〜と等しくない |
| >= | 〜以上 |
| > | 〜より大きい |
| <= | 〜以下 |
| <> | 〜より小さい |

適当に使ってみる〜
```sql
SELECT shohin_mei, shohin_bunrui, hanbai_tanka
  FROM Shohin
 WHERE hanbai_tanka >= 1000;
   shohin_mei   | shohin_bunrui | hanbai_tanka 
----------------+---------------+--------------
 Tシャツ        | 衣服          |         1000
 カッターシャツ | 衣服          |         4000
 包丁           | キッチン用品  |         3000
 圧力鍋         | キッチン用品  |         6800
(4 rows)
```
```sql
SELECT shohin_mei, shohin_bunrui, torokubi
  FROM Shohin
 WHERE torokubi < '2009-09-27';
  shohin_mei  | shohin_bunrui |  torokubi  
--------------+---------------+------------
 Tシャツ      | 衣服          | 2009-09-20
 穴あけパンチ | 事務用品      | 2009-09-11
 包丁         | キッチン用品  | 2009-09-20
 圧力鍋       | キッチン用品  | 2009-01-15
 フォーク     | キッチン用品  | 2009-09-20
 おろしがね   | キッチン用品  | 2008-04-28
(6 rows)
```
```sql
SELECT shohin_mei, hanbai_tanka, shiire_tanka
  FROM Shohin
 WHERE hanbai_tanka - shiire_tanka >= 500;
   shohin_mei   | hanbai_tanka | shiire_tanka 
----------------+--------------+--------------
 Tシャツ        |         1000 |          500
 カッターシャツ |         4000 |         2800
 圧力鍋         |         6800 |         5000
(3 rows)
```

### 文字列に不等号を使うときの注意
文字列のデータを格納するためのテーブルを作成する。
```sql
CREATE TABLE Chars
(chr CHAR(3) NOT NULL,
     PRIMARY KEY (chr));
CREATE TABLE
```
データを登録する
```sql
BEGIN TRANSACTION; 
INSERT INTO Chars VALUES ('1');
INSERT INTO Chars VALUES ('2');
INSERT INTO Chars VALUES ('3');
INSERT INTO Chars VALUES ('10');
INSERT INTO Chars VALUES ('11');
INSERT INTO Chars VALUES ('222');
COMMIT;
BEGIN
INSERT 0 1
INSERT 0 1
INSERT 0 1
INSERT 0 1
INSERT 0 1
INSERT 0 1
COMMIT
```
`Chars`テーブルに対して`2`より大きいという検索条件で`SELECT`文を実行する。
`3`、`10`、`11`、`222`が選択されそう...
```sql
SELECT chr
  FROM Chars
 WHERE chr > '2';
 chr 
-----
 3  
 222
(2 rows)
```
思ったのと違う...
これは数値と文字列を混同していることにある。
`2`と`"2"`は違う。
`chr`列は文字列型で宣言されているが、文字列の代償を比較する場合は、「**辞書式順**」が使われる。
このルールの需要な点は **「同じ文字列で始まる単語同士は、異なる文字列で始まる単語同士よりも近い関係にある」** 
`Chars`テーブルの`chr`列のデータを辞書式順序で並べると以下のようになる。
- 1
- 10
- 11
- 2
- 222
- 3

これをみると、`10`や`11`は`2`よりも小さいとことになる。
「あかい」「あいさつ」「いまどき」を並べると、
- あいさつ
- あかい
- いまどき

### NULLに比較演算子は使えない
比較演算子を使う場合は`NULL`を考慮する必要がある。
例として、`shiire_tanka`を検索条件に使う。商品が「フォーク」と「ボールペン」は`shiire_tanka`が**NULL**である。
`shiire_tanka = 2800`である行を選択してみる。
```sql
SELECT shohin_mei, shiire_tanka
  FROM Shohin
 WHERE shiire_tanka = 2800;
   shohin_mei   | shiire_tanka 
----------------+--------------
 カッターシャツ |         2800
 包丁           |         2800
(2 rows)
```
問題なし。
次に、`shiire_tanka <> 2800`の行を選択してみる。
```sql
SELECT shohin_mei, shiire_tanka
  FROM Shohin
 WHERE shiire_tanka <> 2800;
  shohin_mei  | shiire_tanka 
--------------+--------------
 Tシャツ      |          500
 穴あけパンチ |          320
 圧力鍋       |         5000
 おろしがね   |          790
(4 rows)
```
検索結果に「フォーク」と「ボールペン」が含まれていない。
これは、`shiire_tanka`が**NUL**なので`2800`でないかどうかの判断ができない。
NULLの行を選択するには`shiire_tanka = NULL`と書けばいいのか？
```sql
SELECT shohin_mei, shiire_tanka
  FROM Shohin
 WHERE shiire_tanka = NULL;
 shohin_mei | shiire_tanka 
------------+--------------
(0 rows)
```
何も返ってこない...
`<>`を使っても同様に選択できない。
そこでSQLには**NULL**かどうか判別する専用の演算子**IS NULL**がある。
```sql
SELECT shohin_mei, shiire_tanka
  FROM Shohin
 WHERE shiire_tanka IS NULL;
 shohin_mei | shiire_tanka 
------------+--------------
 フォーク   |             
 ボールペン |             
(2 rows)
```
反対にNULL出ない行を選択したいときには**IS NOT NULL**を使う。
```sql
SELECT shohin_mei, shiire_tanka
  FROM Shohin
 WHERE shiire_tanka IS NOT NULL;
   shohin_mei   | shiire_tanka 
----------------+--------------
 Tシャツ        |          500
 穴あけパンチ   |          320
 カッターシャツ |         2800
 包丁           |         2800
 圧力鍋         |         5000
 おろしがね     |          790
(6 rows)
```
