# いろんな関数
### 関数の種類
SQlが持っている便利な道具「**関数**」について見ていく。
関数とは、「ある値を`入力`すると、それに対応した値を`出力`する」機能。
このときの入力を「**引数（パラメータ）**」と呼び、出力を「**戻り値**」と呼ぶ。

関数は大きく分けて以下の5つある。
- **算術関数**：数値の計算を行うための関数
- **文字列関数**：文字列を操作するための関数
- **日付関数**：日付を操作するための関数
- **変換型関数**：データ型や値を変換するための関数
- **集約関数**：データの集計を行うための関数

### 算術関数
- **+（足し算）**
- **-（引き算）**
- ***（掛け算）**
- **/（割り算）**

まず、`SampleMath`テーブルを作成する。
```sql
CREATE TABLE SampleMath
(m  NUMERIC (10,3),
 n  INTEGER,
 p  INTEGER);
CREATE TABLE
```
確認
```sql
\d samplemath;
                Table "public.samplemath"
 Column |     Type      | Collation | Nullable | Default 
--------+---------------+-----------+----------+---------
 m      | numeric(10,3) |           |          | 
 n      | integer       |           |          | 
 p      | integer       |           |          | 
```
データ型「**NUMERIC**」は、多くのDBMSが持っているデータ型で、
```sql
NUMERIC (全体の桁数, 少数の桁数)
```
という形式で数値の大きさを指定する。

以降、**ROUND**関数を使うが、PostgreSQLのROUND関数では、NUMERICなど制限されたデータ型しか使用できないので、このデータ型を使用する。
データを挿入する。
```sql
BEGIN TRANSACTION;

INSERT INTO SampleMath(m, n, p) VALUES (500,  0,    NULL);
INSERT INTO SampleMath(m, n, p) VALUES (-180, 0,    NULL);
INSERT INTO SampleMath(m, n, p) VALUES (NULL, NULL, NULL);
INSERT INTO SampleMath(m, n, p) VALUES (NULL, 7,    3);
INSERT INTO SampleMath(m, n, p) VALUES (NULL, 5,    2);
INSERT INTO SampleMath(m, n, p) VALUES (NULL, 4,    NULL);
INSERT INTO SampleMath(m, n, p) VALUES (8,    NULL, 3);
INSERT INTO SampleMath(m, n, p) VALUES (2.27, 1,    NULL);
INSERT INTO SampleMath(m, n, p) VALUES (5.555,2,    NULL);
INSERT INTO SampleMath(m, n, p) VALUES (NULL, 1,    NULL);
INSERT INTO SampleMath(m, n, p) VALUES (8.76, NULL, NULL);

COMMIT;
BEGIN
INSERT 0 1
INSERT 0 1
INSERT 0 1
INSERT 0 1
INSERT 0 1
INSERT 0 1
INSERT 0 1
INSERT 0 1
INSERT 0 1
INSERT 0 1
INSERT 0 1
COMMIT
```
確認
```sql
SELECT * FROM SampleMath;
    m     | n | p 
----------+---+---
  500.000 | 0 |  
 -180.000 | 0 |  
          |   |  
          | 7 | 3
          | 5 | 2
          | 4 |  
    8.000 |   | 3
    2.270 | 1 |  
    5.555 | 2 |  
          | 1 |  
    8.760 |   |  
(11 rows)
```

**ABS---絶対値**
```sql
ABS(数値)
```
**ABS**とは絶対値を求める関数。
```sql
SELECT m,
       ABS(m) AS abs_col
  FROM SampleMath;
    m     | abs_col 
----------+---------
  500.000 | 500.000
 -180.000 | 180.000
          |        
          |        
          |        
          |        
    8.000 |   8.000
    2.270 |   2.270
    5.555 |   5.555
          |        
    8.760 |   8.760
(11 rows)
```

**MOD---乗除**
```sql
MOD(被除数, 除数)
```
割り算の余りを求める関数。
たとえば、「7 / 3」の場合、余りは１なので、`「MOD(7/3) = 1」`となる。
少数の計算が入ると、「余り」の概念がなくなるので、MOD関数が使えるのは必然と整数の列になる。
```sql
SELECT n, p,
       MOD(n, p) AS mod_col
  FROM SampleMath;
 n | p | mod_col 
---+---+---------
 0 |   |        
 0 |   |        
   |   |        
 7 | 3 |       1
 5 | 2 |       1
 4 |   |        
   | 3 |        
 1 |   |        
 2 |   |        
 1 |   |        
   |   |        
(11 rows)
```

**ROUND関数---四捨五入**
```sql
ROUND(対象者, 丸めの桁数)
```
四捨五入は**ROUND**関数で行う。
丸めの桁数に`1`を指定すると、小数点第二位で、`2`を指定すると第三位で四捨五入する。
```sql
SELECT m, n,
       ROUND(m, n) AS round_col
  FROM SampleMath;
    m     | n | round_col 
----------+---+-----------
  500.000 | 0 |       500
 -180.000 | 0 |      -180
          |   |          
          | 7 |          
          | 5 |          
          | 4 |          
    8.000 |   |          
    2.270 | 1 |       2.3
    5.555 | 2 |      5.56
          | 1 |          
    8.760 |   |          
(11 rows)
```

### 文字列関数
文字列関数を触るために`SampleStr`テーブルを作成する。
```sql
CREATE TABLE SampleStr
(str1  VARCHAR(40),
 str2  VARCHAR(40),
 str3  VARCHAR(40));
CREATE TABLE
```
確認
```sql
\d samplestr;
                    Table "public.samplestr"
 Column |         Type          | Collation | Nullable | Default 
--------+-----------------------+-----------+----------+---------
 str1   | character varying(40) |           |          | 
 str2   | character varying(40) |           |          | 
 str3   | character varying(40) |           |          | 
```
データを挿入する。
```sql
BEGIN TRANSACTION;

INSERT INTO SampleStr (str1, str2, str3) VALUES ('あいう',      'えお'  ,       NULL);
INSERT INTO SampleStr (str1, str2, str3) VALUES ('abc'  ,       'def'   ,       NULL);
INSERT INTO SampleStr (str1, str2, str3) VALUES ('山田' ,       '太郎'  ,       'です');
INSERT INTO SampleStr (str1, str2, str3) VALUES ('aaa'  ,       NULL    ,       NULL);
INSERT INTO SampleStr (str1, str2, str3) VALUES (NULL   ,       'あああ',       NULL);
INSERT INTO SampleStr (str1, str2, str3) VALUES ('@!#$%',       NULL    ,       NULL);
INSERT INTO SampleStr (str1, str2, str3) VALUES ('ABC'  ,       NULL    ,       NULL);
INSERT INTO SampleStr (str1, str2, str3) VALUES ('aBC'  ,       NULL    ,       NULL);
INSERT INTO SampleStr (str1, str2, str3) VALUES ('abc太郎',     'abc'   ,       'ABC');
INSERT INTO SampleStr (str1, str2, str3) VALUES ('abcdefabc','abc'      ,       'ABC');
INSERT INTO SampleStr (str1, str2, str3) VALUES ('ミックマック',        'ッ', 'っ');

COMMIT;
BEGIN
INSERT 0 1
INSERT 0 1
INSERT 0 1
INSERT 0 1
INSERT 0 1
INSERT 0 1
INSERT 0 1
INSERT 0 1
INSERT 0 1
INSERT 0 1
INSERT 0 1
COMMIT
```
確認
```sql
SELECT * FROM SampleStr;
     str1     |  str2  | str3 
--------------+--------+------
 あいう       | えお   | 
 abc          | def    | 
 山田         | 太郎   | です
 aaa          |        | 
              | あああ | 
 @!#$%        |        | 
 ABC          |        | 
 aBC          |        | 
 abc太郎      | abc    | ABC
 abcdefabc    | abc    | ABC
 ミックマック | ッ     | っ
(11 rows)
```

**||---連結**
```sql
文字列1 || 文字列2
```
```sql
SELECT str1, str2,
       str1 || str2 AS str_concat
  FROM SampleStr;
     str1     |  str2  |   str_concat   
--------------+--------+----------------
 あいう       | えお   | あいうえお
 abc          | def    | abcdef
 山田         | 太郎   | 山田太郎
 aaa          |        | 
              | あああ | 
 @!#$%        |        | 
 ABC          |        | 
 aBC          |        | 
 abc太郎      | abc    | abc太郎abc
 abcdefabc    | abc    | abcdefabcabc
 ミックマック | ッ     | ミックマックッ
(11 rows)
```
文字連結の場合も、タス文字がNULLの場合は結果がNULLになる。
3つ以上の文字連結もできる。
```sql
SELECT str1, str2, str3,
       str1 || str2 || str3 AS str_concat
  FROM SampleStr
 WHERE str1 = '山田';
 str1 | str2 | str3 |  str_concat  
------+------+------+--------------
 山田 | 太郎 | です | 山田太郎です
(1 row)
```

**LENGTH---文字列長**
```sql
LENGTH(文字列)
```
文字列の文字数を求めることができる。
```sql
SELECT str1,
       LENGTH(str1) AS len_str
  FROM SampleStr;
     str1     | len_str 
--------------+---------
 あいう       |       3
 abc          |       3
 山田         |       2
 aaa          |       3
              |        
 @!#$%        |       5
 ABC          |       3
 aBC          |       3
 abc太郎      |       5
 abcdefabc    |       9
 ミックマック |       6
(11 rows)
```
