# 述語
今までに使ってきた、`=`、`<`、`>`、`<>`などの比較演算子は、正確には比較述語という述語の一種。
述語とは、平たく言うと関数の一種。
ただし、特別な条件を満たす関数となる。
その条件とは、「**戻り値が真理値になること**」。
普通の関数は、戻り値が数値だったり文字列だったりするが、述語の戻り値はすべて真理値（TRUE、FALSE、UNKNOWN）である。


### LIKE述語---文字列の部分一致検索
これまで、文字列を条件にするケースでは「**=**」を使ってきたが、この「=」は、文字列が完全に一致する場合にしかTRUEにならない。
一方、**LIKE述語**はもう少しあいまいで、文字列の**部分一致検索**を行うときに使う。
部分一致には、「前方一致」「中間一致」「後方一致」の３種類ある。

試すためにテーブルを作る。
```sql
CREATE TABLE SampleLike
( strcol VARCHAR(6) NOT NULL,
  PRIMARY KEY (strcol));
CREATE TABLE
```
データの挿入
```sql
BEGIN TRANSACTION;

INSERT INTO SampleLike (strcol) VALUES ('abcddd');
INSERT INTO SampleLike (strcol) VALUES ('dddabc');
INSERT INTO SampleLike (strcol) VALUES ('abdddc');
INSERT INTO SampleLike (strcol) VALUES ('abcdd');
INSERT INTO SampleLike (strcol) VALUES ('ddabc');
INSERT INTO SampleLike (strcol) VALUES ('abddc');

COMMIT;
BEGIN
INSERT 0 1
INSERT 0 1
INSERT 0 1
INSERT 0 1
INSERT 0 1
INSERT 0 1
COMMIT
```
確認
```sql
SELECT * FROM SampleLike;
 strcol 
--------
 abcddd
 dddabc
 abdddc
 abcdd
 ddabc
 abddc
(6 rows)
```

このテーブルの中から文字列「ddd」を含むレコードを選択するとき、前方、中間、後方では以下のようになる。

**前方一致：「dddabc」が選択される**
検索条件が、検索対象の文字列の最初に位置しているレコードだけが選択される。
```sql
SELECT *
  FROM SampleLike
 WHERE strcol LIKE 'ddd%';
 strcol 
--------
 dddabc
(1 row)
```
「**%**」は、「０文字以上の任意の文字列」を意味する特殊な記号で、この場合だと「dddではじまるすべての文字列」を意味する。
このように、**LIKE**を使うとパターンマッチングを記述することが可能になる。

**中間一致：「adcddd」「dddabc」「abdddc」が選択される**
検索条件となる文字列が検索対象の文字列の「どこか」に含まれていればレコードが選択される。
```sql
SELECT *
  FROM SampleLike
 WHERE strcol LIKE '%ddd%';
 strcol 
--------
 abcddd
 dddabc
 abdddc
(3 rows)
```
文字列の最初と最後を「**%**」で囲むことで、「文字列のどこかに**ddd**がある文字列」を表現している。

**後方一致：「abcddd」が選択される**
検索条件となる文字列が文字列の最後尾にあるレコードだけが選択される。
```sql
SELECT *
  FROM SampleLike
 WHERE strcol LIKE '%ddd';
 strcol 
--------
 abcddd
(1 row)
```
これは前方一致と逆になる。

「%」に代わりに「**_**」を使うこともできるが、これは**%**と違い、「任意の１文字」を意味する。
使ってみる。
```sql
SELECT *
  FROM SampleLike
 WHERE strcol LIKE 'abc__';
 strcol 
--------
 abcdd
(1 row)
```
「abc」ではじまる文字列としては、「abcddd」もそうだが、「ddd」が３文字のため「__」という2文字分を指定する条件に一致しない。
以下のようにすれば、「abcddd」を選択することができる。
```sql
SELECT *
  FROM SampleLike
 WHERE strcol LIKE 'abc___';
 strcol 
--------
 abcddd
(1 row)
```

### BETWEEN述語---範囲検索
この関数が他の述語や関数と変わっているところは、引数を3つ使うところ。
たとえば、`shohin`テーブルから販売単価が100円から1000円までの商品を選択する場合、以下のように書く。
```sql
SELECT shohin_mei, hanbai_tanka
  FROM Shohin
 WHERE hanbai_tanka BETWEEN 100 AND 1000;
  shohin_mei  | hanbai_tanka 
--------------+--------------
 Tシャツ      |         1000
 穴あけパンチ |          500
 フォーク     |          500
 おろしがね   |          880
 ボールペン   |          100
(5 rows)
```
BETWEENの特徴は、100と1000という両端の値も含むこと。
もし、両端の値を含みたくない場合は、`<`、`>`を使って書く。
```sql
SELECT shohin_mei, hanbai_tanka
  FROM Shohin
 WHERE hanbai_tanka > 100 
   AND hanbai_tanka < 1000;
  shohin_mei  | hanbai_tanka 
--------------+--------------
 穴あけパンチ |          500
 フォーク     |          500
 おろしがね   |          880
(3 rows)
```

### IS NULL、 IS NOT NULL---NULLか非NULLかの判定
NULLかどうかを判定するには**IS NULL**を使う。
```sql
SELECT shohin_mei, shiire_tanka
  FROM Shohin
 WHERE shiire_tanka IS NULL;
 shohin_mei | shiire_tanka 
------------+--------------
 フォーク   |             
 ボールペン |             
(2 rows)
```
NULL以外の行を選択したければ、**IS NOT NULL**を使う。
```sql
SELECT shohin_mei, shiire_tanka
  FROM Shohin
 WHERE shiire_tanka IS NOT NULL;
   shohin_mei   | shiire_tanka 
----------------+--------------
 Tシャツ        |          500
 穴あけパンチ   |          320
 カッターシャツ |         2800
 包丁           |         2800
 圧力鍋         |         5000
 おろしがね     |          790
(6 rows)
```

### IN述語---ORの便利な省略系
仕入れ単価が`320円`、`500円`、`5000`円の商品を選択する。
まず`OR`を使ってみる。
```sql
SELECT shohin_mei, shiire_tanka
  FROM Shohin
 WHERE shiire_tanka =  320
    OR shiire_tanka =  500
    OR shiire_tanka = 5000;
  shohin_mei  | shiire_tanka 
--------------+--------------
 Tシャツ      |          500
 穴あけパンチ |          320
 圧力鍋       |         5000
(3 rows)
```
これはこれで正解だが、選択対象が増えてくるとSQLが長文になってしまう。
こういうときに、**IN述語**を使う。
```sql
SELECT shohin_mei, shiire_tanka
  FROM Shohin
 WHERE shiire_tanka IN (320, 500, 5000);
  shohin_mei  | shiire_tanka 
--------------+--------------
 Tシャツ      |          500
 穴あけパンチ |          320
 圧力鍋       |         5000
(3 rows)
```
反対に、「仕入れ単価が320円、500円、5000円以外」の商品を選択したいなら、否定系の**NOT IN**を使う。
```sql
SELECT shohin_mei, shiire_tanka
  FROM Shohin
 WHERE shiire_tanka NOT IN (320, 500, 5000);
   shohin_mei   | shiire_tanka 
----------------+--------------
 カッターシャツ |         2800
 包丁           |         2800
 おろしがね     |          790
(3 rows)
```
**IN**でも**NOT NUULL**どっちも、**NULLを選択するはことはできない**

### IN述語の引数にサブクエリを指定する
**INとサブクエリ**
INとNOT INはほかの術後にはない使い方がある。
それは、引数にサブクエリを指定するという使い方。
サブクエリは、SQL内部で生成されたテーブルなので、「INはテーブルを引数に指定できる」という言い方もできる。
また、「INはビューは引数に指定できる」と言える。

新しい`TenpoShohin`テーブルを作成する。
```sql
CREATE TABLE TenpoShohin
(tenpo_id  CHAR(4)       NOT NULL,
 tenpo_mei  VARCHAR(200) NOT NULL,
 shohin_id CHAR(4)       NOT NULL,
 suryo     INTEGER       NOT NULL,
 PRIMARY KEY (tenpo_id, shohin_id));
CREATE TABLE
```
このCREATE TABLE文の特徴的なところは、主キーを２列指定していること。
テーブルに含まれるある1行を、重複なく特定するためには、`tenpo_id`や`shohin_id`という１列だけでは不十分で、店舗と商品の組み合わせが必要になる。
```sql
BEGIN TRANSACTION;

INSERT INTO TenpoShohin (tenpo_id, tenpo_mei, shohin_id, suryo) VALUES ('000A',	'東京',		'0001',	30);
INSERT INTO TenpoShohin (tenpo_id, tenpo_mei, shohin_id, suryo) VALUES ('000A',	'東京',		'0002',	50);
INSERT INTO TenpoShohin (tenpo_id, tenpo_mei, shohin_id, suryo) VALUES ('000A',	'東京',		'0003',	15);
INSERT INTO TenpoShohin (tenpo_id, tenpo_mei, shohin_id, suryo) VALUES ('000B',	'名古屋',	'0002',	30);
INSERT INTO TenpoShohin (tenpo_id, tenpo_mei, shohin_id, suryo) VALUES ('000B',	'名古屋',	'0003',	120);
INSERT INTO TenpoShohin (tenpo_id, tenpo_mei, shohin_id, suryo) VALUES ('000B',	'名古屋',	'0004',	20);
INSERT INTO TenpoShohin (tenpo_id, tenpo_mei, shohin_id, suryo) VALUES ('000B',	'名古屋',	'0006',	10);
INSERT INTO TenpoShohin (tenpo_id, tenpo_mei, shohin_id, suryo) VALUES ('000B',	'名古屋',	'0007',	40);
INSERT INTO TenpoShohin (tenpo_id, tenpo_mei, shohin_id, suryo) VALUES ('000C',	'大阪',		'0003',	20);
INSERT INTO TenpoShohin (tenpo_id, tenpo_mei, shohin_id, suryo) VALUES ('000C',	'大阪',		'0004',	50);
INSERT INTO TenpoShohin (tenpo_id, tenpo_mei, shohin_id, suryo) VALUES ('000C',	'大阪',		'0006',	90);
INSERT INTO TenpoShohin (tenpo_id, tenpo_mei, shohin_id, suryo) VALUES ('000C',	'大阪',		'0007',	70);
INSERT INTO TenpoShohin (tenpo_id, tenpo_mei, shohin_id, suryo) VALUES ('000D',	'福岡',		'0001',	100);

COMMIT;
```
確認
```sql
select * from tenposhohin;
 tenpo_id | tenpo_mei | shohin_id | suryo 
----------+-----------+-----------+-------
 000A     | 東京      | 0001      |    30
 000A     | 東京      | 0002      |    50
 000A     | 東京      | 0003      |    15
 000B     | 名古屋    | 0002      |    30
 000B     | 名古屋    | 0003      |   120
 000B     | 名古屋    | 0004      |    20
 000B     | 名古屋    | 0006      |    10
 000B     | 名古屋    | 0007      |    40
 000C     | 大阪      | 0003      |    20
 000C     | 大阪      | 0004      |    50
 000C     | 大阪      | 0006      |    90
 000C     | 大阪      | 0007      |    70
 000D     | 福岡      | 0001      |   100
(13 rows)
```

IN述語をサブクエリに使うとどんなSQLになるか。
まず、「大阪店に置いてある商品の販売単価」を求める。
SQLは以下のようになる。
```sql
SELECT shohin_mei, hanbai_tanka
  FROM Shohin
 WHERE shohin_id IN (SELECT shohin_id 
                       FROM TenpoShohin
                      WHERE tenpo_id = '000C');
   shohin_mei   | hanbai_tanka 
----------------+--------------
 カッターシャツ |         4000
 包丁           |         3000
 フォーク       |          500
 おろしがね     |          880
(4 rows)
```
これを日本語にすると以下のようになる。
**1. TenpoShohinテーブルから、大阪店（tenpo_id = '000C'）が持っている商品（shohin_id）を選択する**
**2. Shohinテーブルから、1.で選択した商品（shohin_id）のみ販売単価（hanbai_tanka）を選択する。**

1.の部分についてのSQLは以下の通り。
```sql
SELECT shohin_id 
  FROM TenpoShohin
 WHERE tenpo_id = '000C';
 shohin_id 
-----------
 0003
 0004
 0006
 0007
(4 rows)
```
取得したこの`shohin_id`の`hanbai_tanka`を選択する。

「サブクエリは内側から最初に実行される」ので、SELECT文においても内側のサブクエリから実行される。
サブクエリを展開すると以下のようになる。
```sql
SELECT shohin_mei, hanbai_tanka
  FROM Shohin
 WHERE shohin_id IN ('0003', '0004', '0006', '0007');
   shohin_mei   | hanbai_tanka 
----------------+--------------
 カッターシャツ |         4000
 包丁           |         3000
 フォーク       |          500
 おろしがね     |          880
(4 rows)
```

**NOT INとサブクエリ**
INの否定形であるNOT INも同じようにサブクエリを引数にとることが可能。
以下のようになる。
```sql
SELECT shohin_mei, hanbai_tanka
  FROM Shohin
 WHERE shohin_id NOT IN (SELECT shohin_id 
                           FROM TenpoShohin
                          WHERE tenpo_id = '000A');
 shohin_mei | hanbai_tanka 
------------+--------------
 包丁       |         3000
 圧力鍋     |         6800
 フォーク   |          500
 おろしがね |          880
 ボールペン |          100
(5 rows)
```

### EXISTS述語
- 使い方
EXISTS述語を一言で言うなら、「**ある条件に合致するレコードの存在の有無を調べること**」。
レコードが存在すれば**TRUE**、存在しなければ**FALSE**を返す。
例として、大阪店に置いてある商品の販売単価をEXISTSを使って求めてみる。
```sql
SELECT shohin_mei, hanbai_tanka
  FROM Shohin AS S
 WHERE EXISTS (SELECT *
                 FROM TenpoShohin AS TS
                WHERE TS.tenpo_id = '000C'
                  AND TS.shohin_id = S.shohin_id);
   shohin_mei   | hanbai_tanka 
----------------+--------------
 カッターシャツ |         4000
 包丁           |         3000
 フォーク       |          500
 おろしがね     |          880
(4 rows)
```

**EXISTSの引数**
これまでこれまでは大体「列 LIKE 文字列」や「列 BETWEEN 値1 AND 値2」のように2つ以上の引数を指定した。
EXISTSの場合は引数を1つしかとらない。
右側に引数を1つだけとる。
その引数は、サブクエリだけ。
上記の例でいうと、以下の部分
```sql
SELECT *
  FROM TenpoShohin AS TS
 WHERE TS.tenpo_id = '000C'
  AND TS.shohin_id = S.shohin_id)
```
正確には、
```sql
TS.shohin_id = S.shohin_id
```
という条件で`Shohin`テーブルと`TenpoShohin`テーブルを結合しているため、相関サブクエリが引数である。
**EXISTS**は常に**相関サブクエリ**を引数にとる。

**サブクエリの中の「SELECT * 」**
EXISTSはレコードの存在の有無しかみないため、どんな列が返されるかをみていない。
```sql
SELECT shohin_mei, hanbai_tanka
  FROM Shohin AS S
 WHERE EXISTS (SELECT 1 -- ここは適当な定数を書いてもかまいません。
                 FROM TenpoShohin AS TS
                WHERE TS.tenpo_id = '000C'
                  AND TS.shohin_id = S.shohin_id);
   shohin_mei   | hanbai_tanka 
----------------+--------------
 カッターシャツ |         4000
 包丁           |         3000
 フォーク       |          500
 おろしがね     |          880
(4 rows)
```

**NOT INをNOT EXISTSで書き換える**
「東京店に置いてある商品以外の販売単価」を求めると以下のようになる。
```sql
SELECT shohin_mei, hanbai_tanka
  FROM Shohin AS S
 WHERE NOT EXISTS (SELECT *
                     FROM TenpoShohin AS TS
                    WHERE TS.tenpo_id = '000A'
                      AND TS.shohin_id = S.shohin_id);
 shohin_mei | hanbai_tanka 
------------+--------------
 包丁       |         3000
 圧力鍋     |         6800
 フォーク   |          500
 おろしがね |          880
 ボールペン |          100
(5 rows)
```

NOT EXISTSは、サブクエリで指定したレコードが「存在しない場合」に**TRUE**を返す。