# CASE式
### CASE式とは
「式」という語がついているとおり、「1 + 1」や「120 / 4」のような式と同じく一種の演算を行う昨日。
その意味で、CASE式は関数の一種でもある。

### CASE式の構文
構文には、「**単純CASE式**」と「**検索CASE式**」がある。
検索CASE式には単純CASE式の機能をすべて含む。
構文は以下のとおり。
```sql
CASE WHEN <評価式> THEN <式>
     WHEN <評価式> THEN <式>
     WHEN <評価式> THEN <式>
     ...
    ELSE <式>
END
```
**WHERE句**の<評価式>とは、「列 = 値」のように、戻り値が真理値になるような式のこと。
**CASE**式の動作は、最初の**WHEN**句の<評価式>が評価されることからはじまる。
「**評価**」とは、その式の真理値が何か調べることで、もし真になれば、**THEN句**で指定された式が戻されて、**CASE**文が終了する。
もし、真にならなければ、次の**WHEN**句の評価に移る。
もし、最後の**WHEN**句まで評価して真にならなかった場合は「**FALSE**」で指定した式が戻されて終了。
CASE式は「式」なので、これ全体が1つの式を構成していて、最終的に1つの値に定まる。

### CASE式の使い方
例として、商品テーブルには、「衣服」、「事務用品」、「キッチン用品」の３種類を、以下のように出力させる。
```
A：衣服
B：事務用品
C：キッチン用品
```
以下のとおり。
```sql
SELECT shohin_mei,
       CASE WHEN shohin_bunrui = '衣服'         THEN 'A：' || shohin_bunrui
            WHEN shohin_bunrui = '事務用品'     THEN 'B：' || shohin_bunrui
            WHEN shohin_bunrui = 'キッチン用品' THEN 'C：' || shohin_bunrui
            ELSE NULL
       END AS abc_shohin_bunrui
  FROM Shohin;
   shohin_mei   | abc_shohin_bunrui 
----------------+-------------------
 Tシャツ        | A：衣服
 穴あけパンチ   | B：事務用品
 カッターシャツ | A：衣服
 包丁           | C：キッチン用品
 圧力鍋         | C：キッチン用品
 フォーク       | C：キッチン用品
 おろしがね     | C：キッチン用品
 ボールペン     | B：事務用品
(8 rows)
```
**ELSE**句では**WHERE**句で指定した条件以外のレコードをどう扱うかを記述する（今回は**NULL**としている）。
ELSE句は省略して書かないことも可能で、その場合は自動的に「**ELSE NULL**」となる。
後から読む人のことを考えて、明示的にしておくほうが良い。

**CASE式を書ける場所**
「式」なので、「1 + 1」が書ける場所ならどこでも書ける。
CASE式の便利な使い方として、SELECT文の結果を行列変換する方法がある。
```sql
 sum_tanka_ihuku | sum_tanka_kitchen | sum_tanka_jimu 
-----------------+-------------------+----------------
            5000 |             11180 |            600
```
これは商品分類ごとに販売単価を合計した結果だが、商品分類を**GROUP BY**句で集約キーとして使っても、結果は「行」として出力されてしまい、列にならない。
```sql
SELECT shohin_bunrui,
       SUM(hanbai_tanka) AS sum_tanka
  FROM Shohin
 GROUP BY shohin_bunrui;
 shohin_bunrui | sum_tanka 
---------------+-----------
 キッチン用品  |     11180
 衣服          |      5000
 事務用品      |       600
(3 rows)
```
列として結果を得るには以下のように書く。
```sql
SELECT SUM(CASE WHEN shohin_bunrui = '衣服' THEN hanbai_tanka ELSE 0 END) AS sum_tanka_ihuku,
       SUM(CASE WHEN shohin_bunrui = 'キッチン用品' THEN hanbai_tanka ELSE 0 END) AS sum_tanka_kitchen,
       SUM(CASE WHEN shohin_bunrui = '事務用品' THEN hanbai_tanka ELSE 0 END) AS sum_tanka_jimu
  FROM Shohin;
 sum_tanka_ihuku | sum_tanka_kitchen | sum_tanka_jimu 
-----------------+-------------------+----------------
            5000 |             11180 |            600
(1 row)
```

### 単純CASE式
検索CASE式と違う点は、「CASE式 <式>」で評価対象を決めてしまうこと。
構文は以下のとおり。
```sql
CASE <式>
    WHEN <式> THEN <式>,
    WHEN <式> THEN <式>,
    WHEN <式> THEN <式>
    ...
    ELSE <式>
END
```
検索CASE式で書いてみる。
```sql
SELECT shohin_mei,
       CASE WHEN shohin_bunrui = '衣服'         THEN 'A：' || shohin_bunrui
            WHEN shohin_bunrui = '事務用品'     THEN 'B：' || shohin_bunrui
            WHEN shohin_bunrui = 'キッチン用品' THEN 'C：' || shohin_bunrui
            ELSE NULL
       END AS abc_shohin_bunrui
  FROM Shohin;
   shohin_mei   | abc_shohin_bunrui 
----------------+-------------------
 Tシャツ        | A：衣服
 穴あけパンチ   | B：事務用品
 カッターシャツ | A：衣服
 包丁           | C：キッチン用品
 圧力鍋         | C：キッチン用品
 フォーク       | C：キッチン用品
 おろしがね     | C：キッチン用品
 ボールペン     | B：事務用品
(8 rows)
```
単純CASE式で書いてみる。
```sql
SELECT shohin_mei,
       CASE shohin_bunrui
            WHEN '衣服'         THEN 'A：' || shohin_bunrui
            WHEN '事務用品'     THEN 'B：' || shohin_bunrui
            WHEN 'キッチン用品' THEN 'C：' || shohin_bunrui
            ELSE NULL
        END AS abc_shohin_bunrui
  FROM Shohin;
   shohin_mei   | abc_shohin_bunrui 
----------------+-------------------
 Tシャツ        | A：衣服
 穴あけパンチ   | B：事務用品
 カッターシャツ | A：衣服
 包丁           | C：キッチン用品
 圧力鍋         | C：キッチン用品
 フォーク       | C：キッチン用品
 おろしがね     | C：キッチン用品
 ボールペン     | B：事務用品
(8 rows)
```
WHERE句ごとに違う条件を指定したいときは、単純CASE式で記述することはできない。

### CASE式の方言
CASE式は標準SQLで認められている機能なので、どのDBMSでも使用することができる。
中には、CASE式を簡略した独自の関数を用意しているものがある。
```sql
--MySQL
-- MySQLのIFでCASE式を代用
SELECT  shohin_mei,
        IF( IF( IF(shohin_bunrui = '衣服',  CONCAT('A：', shohin_bunrui), NULL)
            	    IS NULL AND shohin_bunrui = '事務用品', CONCAT('B：', shohin_bunrui), 
            	IF(shohin_bunrui = '衣服',  CONCAT('A：', shohin_bunrui), NULL))
                    IS NULL AND shohin_bunrui = 'キッチン用品', CONCAT('C：', shohin_bunrui), 
                    IF( IF(shohin_bunrui = '衣服',  CONCAT('A：', shohin_bunrui), NULL)
            	    IS NULL AND shohin_bunrui = '事務用品', CONCAT('B：', shohin_bunrui), 
            	IF(shohin_bunrui = '衣服',  CONCAT('A：', shohin_bunrui), NULL))) AS abc_shohin_bunrui
  FROM Shohin;
```
```sql
--Oracle
--OracleのDECODEでCASE式を代用
SELECT  shohin_mei,
        DECODE(shohin_bunrui, '衣服',         'A：' || shohin_bunrui,
                              '事務用品',     'B：' || shohin_bunrui,
                              'キッチン用品', 'C：' || shohin_bunrui,
               NULL) AS abc_shohin_bunrui
  FROM Shohin;
```
これらは、特定のDBMSでしか使えない上に、記述できる条件もCASE式より狭いため、使うメリットがない。
