# GROUPING演算子
### 合計行も一緒に求めたい
以下のように、「合計」を求めたいときがある。
| 合計 | 16780 |
| ---- | ---- |
| キッチン用品 | 11180 |
| 衣服 | 5000 |
| 事務用品 | 600 |
普通に、GROUP BYを使うと以下のようになる。
```sql
in
 GROUP BY shohin_bunrui;
 shohin_bunrui |  sum  
---------------+-------
 キッチン用品  | 11180
 衣服          |  5000
 事務用品      |   600
(3 rows)
```
GROUP BY句は、集約の軸となるキーを指定する場所なので、ここで指定されたキーによる分割しかできない。
商品分類ごとの合計と、全体の合計を出す方法として、**UNION ALL**を使う方法がある。
```sql
SELECT '合計' AS shohin_bunrui, SUM(hanbai_tanka)
  FROM Shohin
UNION ALL
SELECT shohin_bunrui, SUM(hanbai_tanka)
  FROM Shohin
 GROUP BY shohin_bunrui;
 shohin_bunrui |  sum  
---------------+-------
 合計          | 16780
 キッチン用品  | 11180
 衣服          |  5000
 事務用品      |   600
(4 rows)
```
一応、これでも求める結果は得られるが、ほとんど同じSELECT文を2回実行して、その結果をくっつけるので、見た目も冗長で、DBMS内での処理コストも高くつく。

### ROLLUP---合計と小計を一度の求める
上記のような問題を解消するのが、**GROUPING演算子**である。
これを使うことで、集約谷の違う結果を求めるSQLを簡単に書ける。
演算子の種類には以下のものがある。
- ROLLUP
- CUBE
- GROUPING SETS

**ROLLUPの使い方**
書いてみる。
```sql
SELECT shohin_bunrui, SUM(hanbai_tanka) AS sum_tanka
  FROM Shohin
 GROUP BY ROLLUP(shohin_bunrui);
 shohin_bunrui | sum_tanka 
---------------+-----------
               |     16780
 キッチン用品  |     11180
 衣服          |      5000
 事務用品      |       600
(4 rows)
```
構文としては、**GROUP BY**の集約キーに対して、**ROLLUP（<列１>, <列２>, ...)** のように使う。
この構文の役割は、一言で言うと、「集約キーの組み合わせが異なる結果を一度に計算する」こと。
今回の場合だと、
**①GROUP BY ()**
**②GROUP BY (shohin_bunrui)**
の組み合わせについて計算している。
①は、集約キーなし。つまり、GROUP BYがない場合と同じになり、全体の合計レコードを生む。
これを**超集合行**という。
超集合行の集約キーには、デフォルトで**NULL**が入る。

**集約キーに「登録日」を追加したケース**
集約キーに「登録日」を追加してみる。
ROLLUPなしのほうから。
```sql
SELECT shohin_bunrui, torokubi, SUM(hanbai_tanka) AS sum_tanka
  FROM Shohin
 GROUP BY shohin_bunrui, torokubi;
 shohin_bunrui |  torokubi  | sum_tanka 
---------------+------------+-----------
 キッチン用品  | 2008-04-28 |       880
 キッチン用品  | 2009-09-20 |      3500
 キッチン用品  | 2009-01-15 |      6800
 事務用品      | 2009-09-11 |       500
 事務用品      | 2009-11-11 |       100
 衣服          | 2009-09-20 |      1000
 衣服          |            |      4000
(7 rows)
```
ROLLUPを使ってみる。
```sql
SELECT shohin_bunrui, torokubi, SUM(hanbai_tanka) AS sum_tanka
  FROM Shohin
 GROUP BY ROLLUP(shohin_bunrui, torokubi);
 shohin_bunrui |  torokubi  | sum_tanka 
---------------+------------+-----------
               |            |     16780 ←合計
 キッチン用品  |            |     11180   ←小計（キッチン用品）
 キッチン用品  | 2008-04-28 |       880
 キッチン用品  | 2009-01-15 |      6800
 キッチン用品  | 2009-09-20 |      3500
 事務用品      |            |       600  ←小計（事務用品）
 事務用品      | 2009-09-11 |       500
 事務用品      | 2009-11-11 |       100
 衣服          |            |      5000  ←小計（衣服）
 衣服          | 2009-09-20 |      1000
 衣服          |            |      4000
(11 rows)
```
両者の結果を比較してみると、ROLLUP月の一番上の合計行、および、3つの商品分類についての小計行が追加された。
今回は、次の３パターンをUNIONでつなげた形になっている。
**①GGROUP BY ()**
**②GGROUP BY (shohin_bunrui)**
**③GGROUP BY (shohin_bunrui, torokubi)**

ROLLUPとは「巻き上げる」という意味。
最も粒度の細かい集約レベルから、小計→合計と、集約の単位がどんどん大きくなっていく動作をイメージしたもの。

### GROUPING関数---偽物のNULLを見分けろ
上記のjoukinoROLLUPの結果で、衣服の中の`torokubi`列に**NULL**のレコードが２行出ている。
このNULLの原因は異なる。
`shiire_tanka`が4000円の行は、元の商品テーブルにおいて、カッターシャツの登録日がULLだったので、集約キーとしてNULLが使われているだけ。
一方、`sum_tanka`が5000円の行は、**超集合のNULL**である。
```sql
 shohin_bunrui |  torokubi  | sum_tanka 
---------------+------------+-----------
 衣服          |            |      5000  ←超集合行なので登録日がNULL
 衣服          | 2009-09-20 |      1000
 衣服          |            |      4000  ←「カッターシャツ」の登録日がNULLなだけ
```
こうした混乱を防止するため、SQLは超集合行のNULLを判別するための関数である**GROUPING関数**がある。
この関数は、引数にとった列の値が超集合行のため生じたNULLなら1を、それ以外なら0を返す。
```sql
SELECT GROUPING(shohin_bunrui) AS shohin_bunrui,
       GROUPING(torokubi) AS torokubi, SUM(hanbai_tanka) AS sum_tanka
  FROM Shohin
 GROUP BY ROLLUP(shohin_bunrui, torokubi);
 shohin_bunrui | torokubi | sum_tanka 
---------------+----------+-----------
             1 |        1 |     16780
             0 |        0 |      6800
             0 |        0 |       100
             0 |        0 |       500
             0 |        0 |      3500
             0 |        0 |      4000  ←オリジナルデータのNULLは0になる
             0 |        0 |      1000
             0 |        0 |       880
             0 |        1 |     11180  ←超集合行のNULLは1になる
             0 |        1 |      5000
             0 |        1 |       600
(11 rows)
```
これで超集合行のNULLとオリジナルデータのNULLを判別できる。
また、GROUPING関数を使えば、超集合行のキー値に適当な文字列を埋め込むことも可能。
GROUPING関数の戻り値が1の場合には「合計」や「小計」といった文字列を指定し、それ以外の戻り値の場合は、普通に列値を使えば良い。
```sql
SELECT CASE WHEN GROUPING(shohin_bunrui) = 1
            THEN '商品分類 合計'
            ELSE shohin_bunrui END AS shohin_bunrui,
       CASE WHEN GROUPING(torokubi) = 1
            THEN '登録日 合計'
            ELSE CAST(torokubi AS VARCHAR(16)) END AS torokubi,
       SUM(hanbai_tanka) AS sum_tanka
  FROM Shohin
 GROUP BY ROLLUP(shohin_bunrui, torokubi);
 shohin_bunrui |  torokubi   | sum_tanka 
---------------+-------------+-----------
 商品分類 合計 | 登録日 合計 |     16780
 キッチン用品  | 2009-01-15  |      6800
 事務用品      | 2009-11-11  |       100
 事務用品      | 2009-09-11  |       500  ←オリジナルデータのNULLはそのまま
 キッチン用品  | 2009-09-20  |      3500
 衣服          |             |      4000
 衣服          | 2009-09-20  |      1000
 キッチン用品  | 2008-04-28  |       880
 キッチン用品  | 登録日 合計 |     11180     ←超集合行のNULLは文字列「登録日 合計」に変換
 衣服          | 登録日 合計 |      5000
 事務用品      | 登録日 合計 |       600
(11 rows)
```
合計や小径つきの集計結果が欲しい場合、こういう形式で求められることが最も多い。
その場合にROLLUPとGROUPINGを使う。

SELECT句の`torokubi`列について、
```sql
CAST(torokubi AS VARCHAR(16))
```
のように文字列型に変換しているのは、**CASE**式の戻り値は、すべての分岐において一致していないといけない、という制約を満たすための作業。
これをしないと、日付型と文字列型とバラバラのデータ型の値を返すことになってしまうため、実行時に構文エラーが発生する。

### CUBE---データで積み木を作る
よく使う演算子として**CUBE**がある。
使ってみる。
ROLLUPをCUBEに置き換える。
```sql
SELECT CASE WHEN GROUPING(shohin_bunrui) = 1
            THEN '商品分類 合計'
            ELSE shohin_bunrui END AS shohin_bunrui,
       CASE WHEN GROUPING(torokubi) = 1
            THEN '登録日 合計'
            ELSE CAST(torokubi AS VARCHAR(16)) END AS torokubi,
       SUM(hanbai_tanka) AS sum_tanka
  FROM Shohin
 GROUP BY CUBE(shohin_bunrui, torokubi);
 shohin_bunrui |  torokubi   | sum_tanka 
---------------+-------------+-----------
 商品分類 合計 | 登録日 合計 |     16780
 商品分類 合計 | 2008-04-28  |       880
 商品分類 合計 | 2009-01-15  |      6800
 商品分類 合計 | 2009-09-11  |       500
 商品分類 合計 | 2009-09-20  |      4500
 商品分類 合計 | 2009-11-11  |       100
 商品分類 合計 |             |      4000
 キッチン用品  | 登録日 合計 |     11180
 キッチン用品  | 2008-04-28  |       880
 キッチン用品  | 2009-01-15  |      6800
 キッチン用品  | 2009-09-20  |      3500
 事務用品      | 登録日 合計 |       600
 事務用品      | 2009-09-11  |       500
 事務用品      | 2009-11-11  |       100
 衣服          | 登録日 合計 |      5000
 衣服          | 2009-09-20  |      1000
 衣服          |             |      4000
(17 rows)
```
**CUBE**は**ROLLUP**の結果に対して、さらに何行か追加する形になる。
追加された行を見ると、集約キーとして、`torokubi`だけを使ったケースが追加されている。
**①GGROUP BY ()**
**②GGROUP BY (shohin_bunrui)**
**②GGROUP BY (torokubi)**    ←追加された組み合わせ
**③GGROUP BY (shohin_bunrui, torokubi)**
**CUBE**とは、**GROUP BY**句に与えられた集約キーの「すべての可能な組み合わせ」を1つの結果に含めてしまう機能。
組み合わせの数は、2のn乗（nはキーの数）になる。
今回はキーが2つなので、「2x2=4」となる。

### GROUPING SETS---欲しい積み木だけ取得する
**ROLLUP**や**CUBE**で求めた結果の、一部のレコードだけを求めたいときに使うものとして、**GROUPING SETS**がある。
たとえば、CUBEで求めた結果の中から「商品分類」と「登録日」それぞれを単独で集約キーとした場合に限定したいとき、言い換えると、「合計レコードと集約キーとして2つのキーを使ったレコードは不要」というとき、**GROUPING SETS**を使える。
```sql
SELECT CASE WHEN GROUPING(shohin_bunrui) = 1
            THEN '商品群類 合計'
            ELSE shohin_bunrui END AS shohin_bunrui,
       CASE WHEN GROUPING(torokubi) = 1
            THEN '登録日 合計'
            ELSE CAST(torokubi AS VARCHAR(16)) END AS torokubi,
       SUM(hanbai_tanka) AS sum_tanka
  FROM Shohin
 GROUP BY GROUPING SETS (shohin_bunrui, torokubi);
```
この結果には、全体の合計行16780円はない。
このように、ROLLUPやCUBEは規則的（定型的）な結果を得るのに対し、**GROUPING SETS**はその中から条件を個別指定して抜き出す、非定型的な結果を得る場合に使う。
使う場面は少ない。
