# テーブルの足し算と引き算
### 集合演算とは
「集合」とは、物の集まりを表すが、データベースの世界では「**レコードの集合**」を表す。
テーブルやビュー、クエリの実行結果が該当する。
集合演算とは、レコード同士を足したり引いたりする、レコードの「四則演算」のこと。
集合演算を行うことで、2つのテーブルにあるレコードを集めた結果や、共通するレコードを集めた結果、片方のテーブルだけにあるレコードを集めた結果などを得ることができる。
このような集合演算を行うための演算子を「**集合演算子**」という。

### テーブルの足し算---UNION
レコードの足し算を行うには**UNION（和）**を使う。
`Shohin`テーブルと同じレイアウトの`Shohin2`を作る。
```sql
CREATE TABLE Shohin2
(shohin_id     CHAR(4)      NOT NULL,
 shohin_mei    VARCHAR(100) NOT NULL,
 shohin_bunrui VARCHAR(32)  NOT NULL,
 hanbai_tanka  INTEGER      ,
 shiire_tanka  INTEGER      ,
 torokubi      DATE         ,
 PRIMARY KEY (shohin_id));
CREATE TABLE
```
データの挿入
```sql
select * from shohin2;
 shohin_id |   shohin_mei   | shohin_bunrui | hanbai_tanka | shiire_tanka |  torokubi  
-----------+----------------+---------------+--------------+--------------+------------
 0001      | Tシャツ        | 衣服          |         1000 |          500 | 2009-09-20
 0002      | 穴あけパンチ   | 事務用品      |          500 |          320 | 2009-09-11
 0003      | カッターシャツ | 衣服          |         4000 |         2800 | 
 0009      | 手袋           | 衣服          |          800 |          500 | 
 0010      | やかん         | キッチン用品  |         2000 |         1700 | 2009-09-20
(5 rows)
```
確認

「`Shohin`テーブル + `Shohin2`テーブル」のように足し算してみる。
```sql
SELECT shohin_id, shohin_mei
  FROM Shohin
UNION
SELECT shohin_id, shohin_mei
  FROM Shohin2;
 shohin_id |   shohin_mei   
-----------+----------------
 0007      | おろしがね
 0004      | 包丁
 0006      | フォーク
 0009      | 手袋
 0008      | ボールペン
 0002      | 穴あけパンチ
 0001      | Tシャツ
 0005      | 圧力鍋
 0010      | やかん
 0003      | カッターシャツ
(10 rows)
```
結果は、2つのテーブルに含まれていたレコードが、すべて網羅される形となる。
UNIONに限らず集合演算子は、通常は重複行が排除される。

### 集合演算の注意事項
**①演算対象となるレコードの列数は同じであること**
以下のように、片方が２列、片方が３列で足し算を行おうとするとエラーになる。
```sql
SELECT shohin_id, hanbai_tanka
  FROM Shohin
UNION
SELECT shohin_id, shohin_mei, hanbai_tanka
  FROM Shohin2;
ERROR:  each UNION query must have the same number of columns
LINE 4: SELECT shohin_id, shohin_mei, hanbai_tanka
               ^
```

**②足し算の対象となるレコードの列のデータ型が一致していること**
左から数えて同じ位置にある列は、データ型である必要がある。
以下のように、列数が同じでも数値型と日付型で不一致のため、エラーになる。
```sql
SELECT shohin_id, hanbai_tanka
FROM Shohin
UNION
SELECT shohin_id, shohin_mei, torokubi    
FROM Shohin2;
ERROR:  each UNION query must have the same number of columns
LINE 4: SELECT shohin_id, shohin_mei, torokubi
               ^
```
どうしても違うデータ型の列を使いたい場合は、**CAST**を使って型変換すれば良い。

**③SELECT文はどんなものを指定しても良い。ただし、ORDER BY句は最後に1つだけ**
**UNION**で足せる**SELECT**文は、どんなものでも構わないが、**ORDER BY**句だけは、全体として1つ最後につけられるだけ。
```sql
SELECT shohin_id, shohin_mei
  FROM Shohin
 WHERE shohin_bunrui = 'キッチン用品'
UNION
SELECT shohin_id, shohin_mei
  FROM Shohin2
 WHERE shohin_bunrui = 'キッチン用品'
ORDER BY shohin_id;
 shohin_id | shohin_mei 
-----------+------------
 0004      | 包丁
 0005      | 圧力鍋
 0006      | フォーク
 0007      | おろしがね
 0010      | やかん
(5 rows)
```

### 重複行を残す集合演算---ALLオプション
UNIONの結果から重複行を排除しない方法をみる。
UNIONの後ろに「**ALL**」を追加するだけ。
ALLオプションはUNION以外にも使える。
```sql
SELECT shohin_id, shohin_mei
  FROM Shohin
UNION ALL
SELECT shohin_id, shohin_mei
  FROM Shohin2;
 shohin_id |   shohin_mei   
-----------+----------------
 0001      | Tシャツ
 0002      | 穴あけパンチ
 0003      | カッターシャツ
 0004      | 包丁
 0005      | 圧力鍋
 0006      | フォーク
 0007      | おろしがね
 0008      | ボールペン
 0001      | Tシャツ
 0002      | 穴あけパンチ
 0003      | カッターシャツ
 0009      | 手袋
 0010      | やかん
(13 rows)
```

### テーブルの共通部分の選択---INTERSECT
2つのレコード集合の共通部分を選択するものとして**INTERSECT（交差）**がある。
数の四則演算にはないもの。
```sql
SELECT shohin_id, shohin_mei
  FROM Shohin
INTERSECT
SELECT shohin_id, shohin_mei
  FROM Shohin2
ORDER BY shohin_id;
 shohin_id |   shohin_mei   
-----------+----------------
 0001      | Tシャツ
 0002      | 穴あけパンチ
 0003      | カッターシャツ
(3 rows)
```
**AND**が1つのテーブルに対して、複数の条件の共通部分を選択するのに対し、**INTERSECTでは、必ず2つのテーブルを使用し、その共通するレコードを選択する。**
重複行を残したい場合に「**INTERSECT ALL**」とすれば良い。

### レコードの引き算---EXCEPT
引き算をするには、**EXCEPT（差）**
```sql
SELECT shohin_id, shohin_mei
  FROM Shohin
EXCEPT
SELECT shohin_id, shohin_mei
  FROM Shohin2
ORDER BY shohin_id;
 shohin_id | shohin_mei 
-----------+------------
 0004      | 包丁
 0005      | 圧力鍋
 0006      | フォーク
 0007      | おろしがね
 0008      | ボールペン
(5 rows)
```
**EXCEPT**には特有の注意点がある。
どちらからどちらを引くかによって結果が異なる。
`Shohin`と`Shohin2`を入れ替えてみる。
```sql
SELECT shohin_id, shohin_mei
  FROM Shohin2
EXCEPT
SELECT shohin_id, shohin_mei
  FROM Shohin
ORDER BY shohin_id;
 shohin_id | shohin_mei 
-----------+------------
 0009      | 手袋
 0010      | やかん
(2 rows)
```
