# 結合（テーブルを列方向に連結する）
### 結合とは
7-1でやった、**UNION**や**INTERSECT**のような集合演算は、**行方向**に作用する。
これらを使うと行数が増えたり、減ったりする。
集合演算の場合は列数が一致していたので、列数が増減することはない。

「**結合（JOIN）**」は、別のテーブルから列を以ってきて「列を増やす」操作。
これが役に立つのは、欲しいデータ（列）が1つのテーブルからだけでは選択できない場合。
結合すると複数のテーブルからデータを選択することが可能

### 内部結合---INNER JOIN
テーブルの再掲
`Shohin`テーブル
```sql
 shohin_id |   shohin_mei   | shohin_bunrui | hanbai_tanka | shiire_tanka |  torokubi  
-----------+----------------+---------------+--------------+--------------+------------
 0001      | Tシャツ        | 衣服          |         1000 |          500 | 2009-09-20
 0002      | 穴あけパンチ   | 事務用品      |          500 |          320 | 2009-09-11
 0003      | カッターシャツ | 衣服          |         4000 |         2800 | 
 0004      | 包丁           | キッチン用品  |         3000 |         2800 | 2009-09-20
 0005      | 圧力鍋         | キッチン用品  |         6800 |         5000 | 2009-01-15
 0006      | フォーク       | キッチン用品  |          500 |              | 2009-09-20
 0007      | おろしがね     | キッチン用品  |          880 |          790 | 2008-04-28
 0008      | ボールペン     | 事務用品      |          100 |              | 2009-11-11
```
`TenpoShohin`テーブル
```sql
 tenpo_id | tenpo_mei | shohin_id | suryo 
----------+-----------+-----------+-------
 000A     | 東京      | 0001      |    30
 000A     | 東京      | 0002      |    50
 000A     | 東京      | 0003      |    15
 000B     | 名古屋    | 0002      |    30
 000B     | 名古屋    | 0003      |   120
 000B     | 名古屋    | 0004      |    20
 000B     | 名古屋    | 0006      |    10
 000B     | 名古屋    | 0007      |    40
 000C     | 大阪      | 0003      |    20
 000C     | 大阪      | 0004      |    50
 000C     | 大阪      | 0006      |    90
 000C     | 大阪      | 0007      |    70
 000D     | 福岡      | 0001      |   100
```
#
2つのテーブルの列に注目する。
**A：共通で存在する列**
→商品ID（shohin_id）

**B：片方にしか存在しない列**
→商品ID以外の列

結合とは、「Aに属する列を橋渡しの'橋'に使って、Bに属する列同士を一緒の結果に含めてしまうこと」。

そこで、`Shohin`テーブルから、商品名と販売単価の列を持ってきて、`TenpoShohin`テーブルに「くっつけて」見る。
```sql
 tenpo_id | tenpo_mei | shohin_id |   shohin_mei   | hanbai_tanka 
----------+-----------+-----------+----------------+--------------
 000A     | 東京      | 0002      | 穴あけパンチ   |          500
 000A     | 東京      | 0003      | カッターシャツ |         4000
 000A     | 東京      | 0001      | Tシャツ        |         1000
 000B     | 名古屋    | 0007      | おろしがね     |          880
 000B     | 名古屋    | 0002      | 穴あけパンチ   |          500
 000B     | 名古屋    | 0003      | カッターシャツ |         4000
 000B     | 名古屋    | 0004      | 包丁           |         3000
 000B     | 名古屋    | 0006      | フォーク       |          500
 000C     | 大阪      | 0007      | おろしがね     |          880
 000C     | 大阪      | 0006      | フォーク       |          500
 000C     | 大阪      | 0003      | カッターシャツ |         4000
 000C     | 大阪      | 0004      | 包丁           |         3000
 000D     | 福岡      | 0001      | Tシャツ        |         1000
```

SQLは以下のようになる。
```sql
SELECT TS.tenpo_id, TS.tenpo_mei, TS.shohin_id, S.shohin_mei, S.hanbai_tanka
  FROM TenpoShohin AS TS INNER JOIN Shohin AS S
    ON TS.shohin_id = S.shohin_id
ORDER BY tenpo_id;
```

ポイントは3つ
**①FROM句**
FROM句に、`TenpoShohin`と`Shohin`の2つのテーブルを書いていること。
これを可能にするのが、「**INNER JOIN**」。

**②ON句**
**ON**句を使って、2つのテーブルを結びつける列（**結合キー**）を指定する。
今回だと、`shohin_id`がそれになる。

複数の結合キーを指定するために、**AND**や**OR**を使うこともできる。
ON句は必須で、FROM句とWHERE句の間。

結合条件は基本的に「=」で記述する。
「<=」やBETWEENも使えるが、ほぼ「=」で足りる。

**③SELECT句**
SELECT句では、**TS.tenpo_id**や**S.habani_tanka**のように、**<テーブルの別名>.<列名>**という記述になっている。
テーブルを結合した場合、どの列をどのテーブルから持ってきているか混乱するのを防ぐため。
構文的にこのような書き方をしないといけないのは、2つのテーブルに存在している列（今回の場合、shohin_id）のみで、ほかの列は「tenpo_id」のように列名だけを書いてもエラーならない。
混乱を避けるために全ての列を<テーブルの別名>.<列名>の形式で書いた方が良い。

**内部結合とWHERE句を組み合わせる**
全店舗ではなく、東京店だけを結果に得たいなら、以下のようにWHERE句の条件を追加する。
```sql
SELECT TS.tenpo_id, TS.tenpo_mei, TS.shohin_id, S.shohin_mei, S.hanbai_tanka
  FROM TenpoShohin TS INNER JOIN Shohin S
    ON TS.shohin_id = S.shohin_id
 WHERE TS.tenpo_id = '000A';
 tenpo_id | tenpo_mei | shohin_id |   shohin_mei   | hanbai_tanka 
----------+-----------+-----------+----------------+--------------
 000A     | 東京      | 0001      | Tシャツ        |         1000
 000A     | 東京      | 0002      | 穴あけパンチ   |          500
 000A     | 東京      | 0003      | カッターシャツ |         4000
(3 rows)
```

結合演算は、一度テーブルを結合してしまえば、その後は**WHERE、GROUP BY、HAVING、ORDER BY**を今まで通り使うことができる。
結合したテーブルはSELECT文が実行されている間しか存在しないので、残しておきたければ「ビュー」として作れば良い。

**複数の結合キーを指定する**
```sql
SELECT TS.tenpo_id, TS.tenpo_mei, S.shohin_id, S.shohin_mei, S.hanbai_tanka
  FROM TenpoShohin TS INNER JOIN Shohin S
    ON TS.shohin_id = S.shohin_id
AND S.shohin_mei = 'フォーク';
 tenpo_id | tenpo_mei | shohin_id | shohin_mei | hanbai_tanka 
----------+-----------+-----------+------------+--------------
 000B     | 名古屋    | 0006      | フォーク   |          500
 000C     | 大阪      | 0006      | フォーク   |          500
(2 rows)
```
**WHERE**句と同じことができる。

### 外部結合---OUTER JOIN
外部結合も、2つのテーブルをON句の結合キーでつなぎ、2つのテーブルから同時に列を選択するのは同じ。
結果の形が違う。
```sql
SELECT TS.tenpo_id, TS.tenpo_mei, S.shohin_id, S.shohin_mei, S.hanbai_tanka
  FROM TenpoShohin TS RIGHT OUTER JOIN Shohin S
    ON TS.shohin_id = S.shohin_id
ORDER BY tenpo_id;
 tenpo_id | tenpo_mei | shohin_id |   shohin_mei   | hanbai_tanka 
----------+-----------+-----------+----------------+--------------
 000A     | 東京      | 0002      | 穴あけパンチ   |          500
 000A     | 東京      | 0003      | カッターシャツ |         4000
 000A     | 東京      | 0001      | Tシャツ        |         1000
 000B     | 名古屋    | 0006      | フォーク       |          500
 000B     | 名古屋    | 0002      | 穴あけパンチ   |          500
 000B     | 名古屋    | 0003      | カッターシャツ |         4000
 000B     | 名古屋    | 0004      | 包丁           |         3000
 000B     | 名古屋    | 0007      | おろしがね     |          880
 000C     | 大阪      | 0006      | フォーク       |          500
 000C     | 大阪      | 0007      | おろしがね     |          880
 000C     | 大阪      | 0003      | カッターシャツ |         4000
 000C     | 大阪      | 0004      | 包丁           |         3000
 000D     | 福岡      | 0001      | Tシャツ        |         1000
          |           | 0005      | 圧力鍋         |         6800 ←内部結合のときはなかった
          |           | 0008      | ボールペン     |          100 ←内部結合のときはなかった
(15 rows)
```

外部結合のポイント
**①片方のテーブルの情報がすべて出力される**
内部結合の時に出てこなかった「圧力鍋」と「ボールペン」が選択された。
内部結合は2つのテーブルの両方に存在している情報だけを選択するため、`Shohin`テーブルにしか存在していない「圧力鍋」と「ボールペン」は選択されなかった。
それに対し、外部結合は片方のテーブルに存在していれば選択される。

これを使う例として、行数固定の定型帳票を作りたいとき。
ここで内部結合すると、結果行数が変動してしまう。

テーブルからわからない情報（圧力鍋の店舗IDや店舗名）は**NULL**となる。

**②どちらのテーブルをマスタにするか**
外部結合では、マスタに選択したテーブルの情報がすべて出力される。
マスタを指定するキーワードが「**LEFT**」「**RIGHT**」である。
**LEFT**を使えば、FROM句で左側に書いたテーブルがマスタになり。**RIGHT**を使えば、右側に書いたテーブルがマスタになる。
1つ前のSQLでは、**RIGHT**を使って右側に`Shohin`テーブルを書いているので、`Shohin`テーブルがマスタになっている。
今度は、**LEFT**を使って左側に`Shohin`テーブルを書いてマスタにする。
```sql
SELECT TS.tenpo_id, TS.tenpo_mei, S.shohin_id, S.shohin_mei, S.hanbai_tanka
  FROM Shohin AS S LEFT OUTER JOIN TenpoShohin AS TS
    ON TS.shohin_id = S.shohin_id
ORDER BY tenpo_id;
 tenpo_id | tenpo_mei | shohin_id |   shohin_mei   | hanbai_tanka 
----------+-----------+-----------+----------------+--------------
 000A     | 東京      | 0002      | 穴あけパンチ   |          500
 000A     | 東京      | 0003      | カッターシャツ |         4000
 000A     | 東京      | 0001      | Tシャツ        |         1000
 000B     | 名古屋    | 0006      | フォーク       |          500
 000B     | 名古屋    | 0002      | 穴あけパンチ   |          500
 000B     | 名古屋    | 0003      | カッターシャツ |         4000
 000B     | 名古屋    | 0004      | 包丁           |         3000
 000B     | 名古屋    | 0007      | おろしがね     |          880
 000C     | 大阪      | 0006      | フォーク       |          500
 000C     | 大阪      | 0007      | おろしがね     |          880
 000C     | 大阪      | 0003      | カッターシャツ |         4000
 000C     | 大阪      | 0004      | 包丁           |         3000
 000D     | 福岡      | 0001      | Tシャツ        |         1000
          |           | 0005      | 圧力鍋         |         6800
          |           | 0008      | ボールペン     |          100
(15 rows)
```
結果的にどちらを使っても同じになるが、一般的には、LEFTを使う。

### 3つ以上のテーブルを使った場合
結合できるテーブルの数に原理的な制限はない。
3つのテーブルを使った結合を見てみる。

商品の在庫を管理するテーブルを作る。
「S001」と「S002」の倉庫に商品を保管しているとする。
```sql
CREATE TABLE ZaikoShohin
( souko_id              CHAR(4)      NOT NULL,
  shohin_id     CHAR(4)      NOT NULL,
  zaiko_suryo   INTEGER      NOT NULL,
  PRIMARY KEY (souko_id, shohin_id));
CREATE TABLE
```
データの挿入
```sql
BEGIN TRANSACTION;

INSERT INTO ZaikoShohin (souko_id, shohin_id, zaiko_suryo) VALUES ('S001',      '0001', 0);
INSERT INTO ZaikoShohin (souko_id, shohin_id, zaiko_suryo) VALUES ('S001',      '0002', 120);
INSERT INTO ZaikoShohin (souko_id, shohin_id, zaiko_suryo) VALUES ('S001',      '0003', 200);
INSERT INTO ZaikoShohin (souko_id, shohin_id, zaiko_suryo) VALUES ('S001',      '0004', 3);
INSERT INTO ZaikoShohin (souko_id, shohin_id, zaiko_suryo) VALUES ('S001',      '0005', 0);
INSERT INTO ZaikoShohin (souko_id, shohin_id, zaiko_suryo) VALUES ('S001',      '0006', 99);
INSERT INTO ZaikoShohin (souko_id, shohin_id, zaiko_suryo) VALUES ('S001',      '0007', 999);
INSERT INTO ZaikoShohin (souko_id, shohin_id, zaiko_suryo) VALUES ('S001',      '0008', 200);
INSERT INTO ZaikoShohin (souko_id, shohin_id, zaiko_suryo) VALUES ('S002',      '0001', 10);
INSERT INTO ZaikoShohin (souko_id, shohin_id, zaiko_suryo) VALUES ('S002',      '0002', 25);
INSERT INTO ZaikoShohin (souko_id, shohin_id, zaiko_suryo) VALUES ('S002',      '0003', 34);
INSERT INTO ZaikoShohin (souko_id, shohin_id, zaiko_suryo) VALUES ('S002',      '0004', 19);
INSERT INTO ZaikoShohin (souko_id, shohin_id, zaiko_suryo) VALUES ('S002',      '0005', 99);
INSERT INTO ZaikoShohin (souko_id, shohin_id, zaiko_suryo) VALUES ('S002',      '0006', 0COMMIT;INTO ZaikoShohin (souko_id, shohin_id, zaiko_suryo) VALUES ('S002',      '0008', 1
BEGIN
```
確認
```sql
select * from zaikoshohin;
 souko_id | shohin_id | zaiko_suryo 
----------+-----------+-------------
 S001     | 0001      |           0
 S001     | 0002      |         120
 S001     | 0003      |         200
 S001     | 0004      |           3
 S001     | 0005      |           0
 S001     | 0006      |          99
 S001     | 0007      |         999
 S001     | 0008      |         200
 S002     | 0001      |          10
 S002     | 0002      |          25
 S002     | 0003      |          34
 S002     | 0004      |          19
 S002     | 0005      |          99
 S002     | 0006      |           0
 S002     | 0007      |           0
 S002     | 0008      |          18
(16 rows)
```

以下に、倉庫「S001」に保管されている在庫数の列を内部結合を使って追加する。
結合キーは商品IDとする。
```sql
SELECT TS.tenpo_id, TS.tenpo_mei, TS.shohin_id, S.shohin_mei, S.hanbai_tanka, ZS.zaiko_suryo
  FROM TenpoShohin AS TS INNER JOIN Shohin AS S
    ON TS.shohin_id = S.shohin_id
          INNER JOIN ZaikoShohin AS ZS
             ON TS.shohin_id = ZS.shohin_id
 WHERE ZS.souko_id = 'S001'
ORDER BY tenpo_id;
 tenpo_id | tenpo_mei | shohin_id |   shohin_mei   | hanbai_tanka | zaiko_suryo 
----------+-----------+-----------+----------------+--------------+-------------
 000A     | 東京      | 0001      | Tシャツ        |         1000 |           0
 000A     | 東京      | 0002      | 穴あけパンチ   |          500 |         120
 000A     | 東京      | 0003      | カッターシャツ |         4000 |         200
 000B     | 名古屋    | 0002      | 穴あけパンチ   |          500 |         120
 000B     | 名古屋    | 0003      | カッターシャツ |         4000 |         200
 000B     | 名古屋    | 0004      | 包丁           |         3000 |           3
 000B     | 名古屋    | 0006      | フォーク       |          500 |          99
 000B     | 名古屋    | 0007      | おろしがね     |          880 |         999
 000C     | 大阪      | 0003      | カッターシャツ |         4000 |         200
 000C     | 大阪      | 0004      | 包丁           |         3000 |           3
 000C     | 大阪      | 0006      | フォーク       |          500 |          99
 000C     | 大阪      | 0007      | おろしがね     |          880 |         999
 000D     | 福岡      | 0001      | Tシャツ        |         1000 |           0
(13 rows)
```
`Shohin`テーブルと`TenpoShohin`テーブルを統合で結んでいる。
`Shohin`テーブルはすでに`TenpoShohin`とつながっているため、`ZaikoShohin`とつなげる必要はない。

### クロス結合---CROSS JOIN
実務で使うことはほぼない。
クロス結合は、すべての結合演算の基礎である。
ためしに`Shohin`テーブルと`TenpoShohin`テーブルを結合してみる。
```sql
SELECT TS.tenpo_id, TS.tenpo_mei, TS.shohin_id, S.shohin_mei
  FROM TenpoShohin AS TS CROSS JOIN Shohin AS S;
 tenpo_id | tenpo_mei | shohin_id |   shohin_mei   
----------+-----------+-----------+----------------
 000A     | 東京      | 0001      | Tシャツ
 000A     | 東京      | 0002      | Tシャツ
 000A     | 東京      | 0003      | Tシャツ
 000B     | 名古屋    | 0002      | Tシャツ
 000B     | 名古屋    | 0003      | Tシャツ
 000B     | 名古屋    | 0004      | Tシャツ
 000B     | 名古屋    | 0006      | Tシャツ
 000B     | 名古屋    | 0007      | Tシャツ
 000C     | 大阪      | 0003      | Tシャツ
 000C     | 大阪      | 0004      | Tシャツ
 000C     | 大阪      | 0006      | Tシャツ
 000C     | 大阪      | 0007      | Tシャツ
 000D     | 福岡      | 0001      | Tシャツ
 000A     | 東京      | 0001      | 穴あけパンチ
 000A     | 東京      | 0002      | 穴あけパンチ
 000A     | 東京      | 0003      | 穴あけパンチ
 000B     | 名古屋    | 0002      | 穴あけパンチ
 000B     | 名古屋    | 0003      | 穴あけパンチ
 000B     | 名古屋    | 0004      | 穴あけパンチ
 000B     | 名古屋    | 0006      | 穴あけパンチ
 000B     | 名古屋    | 0007      | 穴あけパンチ
 000C     | 大阪      | 0003      | 穴あけパンチ
 000C     | 大阪      | 0004      | 穴あけパンチ
 000C     | 大阪      | 0006      | 穴あけパンチ
 000C     | 大阪      | 0007      | 穴あけパンチ
 000D     | 福岡      | 0001      | 穴あけパンチ
 000A     | 東京      | 0001      | カッターシャツ
 000A     | 東京      | 0002      | カッターシャツ
 000A     | 東京      | 0003      | カッターシャツ
 000B     | 名古屋    | 0002      | カッターシャツ
 000B     | 名古屋    | 0003      | カッターシャツ
 000B     | 名古屋    | 0004      | カッターシャツ
 000B     | 名古屋    | 0006      | カッターシャツ
 000B     | 名古屋    | 0007      | カッターシャツ
 000C     | 大阪      | 0003      | カッターシャツ
 000C     | 大阪      | 0004      | カッターシャツ
 000C     | 大阪      | 0006      | カッターシャツ
 000C     | 大阪      | 0007      | カッターシャツ
 000D     | 福岡      | 0001      | カッターシャツ
 000A     | 東京      | 0001      | 包丁
 000A     | 東京      | 0002      | 包丁
 000A     | 東京      | 0003      | 包丁
 000B     | 名古屋    | 0002      | 包丁
 000B     | 名古屋    | 0003      | 包丁
 000B     | 名古屋    | 0004      | 包丁
 000B     | 名古屋    | 0006      | 包丁
 000B     | 名古屋    | 0007      | 包丁
 000C     | 大阪      | 0003      | 包丁
 000C     | 大阪      | 0004      | 包丁
 000C     | 大阪      | 0006      | 包丁
 000C     | 大阪      | 0007      | 包丁
 000D     | 福岡      | 0001      | 包丁
 000A     | 東京      | 0001      | 圧力鍋
 000A     | 東京      | 0002      | 圧力鍋
 000A     | 東京      | 0003      | 圧力鍋
 000B     | 名古屋    | 0002      | 圧力鍋
 000B     | 名古屋    | 0003      | 圧力鍋
 000B     | 名古屋    | 0004      | 圧力鍋
 000B     | 名古屋    | 0006      | 圧力鍋
 000B     | 名古屋    | 0007      | 圧力鍋
 000C     | 大阪      | 0003      | 圧力鍋
 000C     | 大阪      | 0004      | 圧力鍋
 000C     | 大阪      | 0006      | 圧力鍋
 000C     | 大阪      | 0007      | 圧力鍋
 000D     | 福岡      | 0001      | 圧力鍋
 000A     | 東京      | 0001      | フォーク
 000A     | 東京      | 0002      | フォーク
 000A     | 東京      | 0003      | フォーク
 000B     | 名古屋    | 0002      | フォーク
 000B     | 名古屋    | 0003      | フォーク
 000B     | 名古屋    | 0004      | フォーク
 000B     | 名古屋    | 0006      | フォーク
 000B     | 名古屋    | 0007      | フォーク
 000C     | 大阪      | 0003      | フォーク
 000C     | 大阪      | 0004      | フォーク
 000C     | 大阪      | 0006      | フォーク
 000C     | 大阪      | 0007      | フォーク
 000D     | 福岡      | 0001      | フォーク
 000A     | 東京      | 0001      | おろしがね
 000A     | 東京      | 0002      | おろしがね
 000A     | 東京      | 0003      | おろしがね
 000B     | 名古屋    | 0002      | おろしがね
 000B     | 名古屋    | 0003      | おろしがね
 000B     | 名古屋    | 0004      | おろしがね
 000B     | 名古屋    | 0006      | おろしがね
 000B     | 名古屋    | 0007      | おろしがね
 000C     | 大阪      | 0003      | おろしがね
 000C     | 大阪      | 0004      | おろしがね
 000C     | 大阪      | 0006      | おろしがね
 000C     | 大阪      | 0007      | おろしがね
 000D     | 福岡      | 0001      | おろしがね
 000A     | 東京      | 0001      | ボールペン
 000A     | 東京      | 0002      | ボールペン
 000A     | 東京      | 0003      | ボールペン
 000B     | 名古屋    | 0002      | ボールペン
 000B     | 名古屋    | 0003      | ボールペン
 000B     | 名古屋    | 0004      | ボールペン
 000B     | 名古屋    | 0006      | ボールペン
 000B     | 名古屋    | 0007      | ボールペン
 000C     | 大阪      | 0003      | ボールペン
 000C     | 大阪      | 0004      | ボールペン
 000C     | 大阪      | 0006      | ボールペン
 000C     | 大阪      | 0007      | ボールペン
 000D     | 福岡      | 0001      | ボールペン
(104 rows)
```

テーブル同士を結びつける集合演算子が「**CROSS JOIN（直積）**」である。
クロス結合の場合、ON句は使えない。
クロス結合は2つのテーブルのレコードについて、すべての組み合わせを作る結合方法である。
つまり、結果の行数は2つのテーブルの行数の掛け算になる。

内部結合は、必ずこのクロス結合の一部分になる。
「内部」というのは「クロス結合の結果に含まれる部分を持つ」という意味になる。
反対に、外部結合も、「クロス結合の結果に含まれない部分を持つ」という意味になる。

クロス結合が実務で使われない理由は2つ。
1つ目、結果のほとんどが使われないから。
2つ目、結果行数が非常に多くなるため、演算に多くの時間とマシンパワーを使ってしまうため。

### 結合の方言と古い構文
以前書いた以下のコード
```sql
SELECT TS.tenpo_id, TS.tenpo_mei, TS.shohin_id, S.shohin_mei, S.hanbai_tanka
  FROM TenpoShohin TS INNER JOIN Shohin S
    ON TS.shohin_id = S.shohin_id
 WHERE TS.tenpo_id = '000A';
```
これは問題ないが、古い書き方で以下のようなものがある。
```sql
SELECT TS.tenpo_id, TS.tenpo_mei, TS.shohin_id, S.shohin_mei, S.hanbai_tanka
  FROM TenpoShohin TS, Shohin S
 WHERE TS.shohin_id = S.shohin_id
   AND TS.tenpo_id = '000A';
```
両方とも結果は同じになる。
古い方は問題がある。
1つ目、この構文だと結合の種類が内部結合なのか外部結合なのか（またはそれ以外なのか）すぐに判別ができない。
2つ目、結合条件がWHEREで書かれているので、どこまでが結合条件で、どこまでがレコードの制限条件なのかすぐにわからない。
3つ目、この構文がいつまで利用可能かわからない。いつ使えなくなるかわからないので、使わない方が良い。


### 関係除算
- UNION（和）
- EXCEPT（差）
- INTERSECT（交差）
- CROSS JOIN（直積）

除算は「**関係除算**」と呼ぶ。
除算専用の演算子は定義されていない。
「テーブルの割り算」がどうなるのか試してみる。
スキル`Skills`テーブル作成：関係除算の除数
```sql
CREATE TABLE Skills 
(skill VARCHAR(32),
 PRIMARY KEY(skill));
CREATE TABLE
```
社員スキル`EmpSkill`テーブル作成：関係除算の被除数
```sql
CREATE TABLE EmpSkills 
(emp   VARCHAR(32), 
 skill VARCHAR(32),
 PRIMARY KEY(emp, skill));
CREATE TABLE
```
データ挿入
```sql
BEGIN TRANSACTION;

INSERT INTO Skills VALUES('Oracle');
INSERT INTO Skills VALUES('UNIX');
INSERT INTO Skills VALUES('Java');

INSERT INTO EmpSkills VALUES('相田', 'Oracle');
INSERT INTO EmpSkills VALUES('相田', 'UNIX');
INSERT INTO EmpSkills VALUES('相田', 'Java');
INSERT INTO EmpSkills VALUES('相田', 'C#');
INSERT INTO EmpSkills VALUES('神崎', 'Oracle');
INSERT INTO EmpSkills VALUES('神崎', 'UNIX');
INSERT INTO EmpSkills VALUES('神崎', 'Java');
INSERT INTO EmpSkills VALUES('平井', 'UNIX');
INSERT INTO EmpSkills VALUES('平井', 'Oracle');
INSERT INTO EmpSkills VALUES('平井', 'PHP');
INSERT INTO EmpSkills VALUES('平井', 'Perl');
INSERT INTO EmpSkills VALUES('平井', 'C++');
INSERT INTO EmpSkills VALUES('若田部', 'Perl');
INSERT INTO EmpSkills VALUES('渡来', 'Oracle');

COMMIT;
BEGIN
INSERT 0 1
INSERT 0 1
INSERT 0 1
INSERT 0 1
INSERT 0 1
INSERT 0 1
INSERT 0 1
INSERT 0 1
INSERT 0 1
INSERT 0 1
INSERT 0 1
INSERT 0 1
INSERT 0 1
INSERT 0 1
INSERT 0 1
INSERT 0 1
INSERT 0 1
COMMIT
```
このテーブルから、`Skills`テーブルに含まれている3つの分野のスキルを「すべて」持っている社員を選択する。
```sql
SELECT DISTINCT emp
  FROM EmpSkills ES1
 WHERE NOT EXISTS
        (SELECT skill
           FROM Skills
         EXCEPT
         SELECT skill
           FROM EmpSkills ES2
          WHERE ES1.emp = ES2.emp);
 emp  
------
 神崎
 相田
(2 rows)
```
これのどこが除算なのか。
割り算と掛け算は相補的な関係にあるので、商と割る数を掛けると、割られる前の被除数に戻る。
関係除算にもこの法則が成り立つ。
商と割る数を掛け合わせる、つまり**クロス結合する**ことで割られる前の部分が復元される。

### 練習問題
7-1
A. `Shohin`テーブルが出力される
```sql
SELECT *
  FROM Shohin
UNION
SELECT *
  FROM Shohin
INTERSECT
SELECT *
  FROM Shohin
ORDER BY shohin_id;
 shohin_id |   shohin_mei   | shohin_bunrui | hanbai_tanka | shiire_tanka |  torokubi  
-----------+----------------+---------------+--------------+--------------+------------
 0001      | Tシャツ        | 衣服          |         1000 |          500 | 2009-09-20
 0002      | 穴あけパンチ   | 事務用品      |          500 |          320 | 2009-09-11
 0003      | カッターシャツ | 衣服          |         4000 |         2800 | 
 0004      | 包丁           | キッチン用品  |         3000 |         2800 | 2009-09-20
 0005      | 圧力鍋         | キッチン用品  |         6800 |         5000 | 2009-01-15
 0006      | フォーク       | キッチン用品  |          500 |              | 2009-09-20
 0007      | おろしがね     | キッチン用品  |          880 |          790 | 2008-04-28
 0008      | ボールペン     | 事務用品      |          100 |              | 2009-11-11
(8 rows)
```

7-2
A. SELECT句にCOALESCEを使って値がNULLのところを不明に置き換える。
```sql
SELECT COALESCE(TS.tenpo_id, '不明') AS tenpo_id, COALESCE(TS.tenpo_mei, '不明') AS tenpo_mei, S.shohin_id, S.shohin_mei, S.hanbai_tanka
  FROM TenpoShohin TS RIGHT OUTER JOIN Shohin S
    ON TS.shohin_id = S.shohin_id
ORDER BY tenpo_id;
 tenpo_id | tenpo_mei | shohin_id |   shohin_mei   | hanbai_tanka 
----------+-----------+-----------+----------------+--------------
 000A     | 東京      | 0002      | 穴あけパンチ   |          500
 000A     | 東京      | 0003      | カッターシャツ |         4000
 000A     | 東京      | 0001      | Tシャツ        |         1000
 000B     | 名古屋    | 0006      | フォーク       |          500
 000B     | 名古屋    | 0002      | 穴あけパンチ   |          500
 000B     | 名古屋    | 0003      | カッターシャツ |         4000
 000B     | 名古屋    | 0004      | 包丁           |         3000
 000B     | 名古屋    | 0007      | おろしがね     |          880
 000C     | 大阪      | 0006      | フォーク       |          500
 000C     | 大阪      | 0007      | おろしがね     |          880
 000C     | 大阪      | 0003      | カッターシャツ |         4000
 000C     | 大阪      | 0004      | 包丁           |         3000
 000D     | 福岡      | 0001      | Tシャツ        |         1000
 不明     | 不明      | 0005      | 圧力鍋         |         6800
 不明     | 不明      | 0008      | ボールペン     |          100
(15 rows)
```
